PassengerId,Pclass,Sex,Age,SibSp,Parch,Fare,FamilySize,IsAlone,SmallFamily,LargeFamily,HasCabin,TicketPrefix,HasTicketPrefix,FarePerPerson,IsChild,IsAdult,IsElderly,NameLength,AgeGroup,FareBin,FarePerPersonBin,Embarked_Q,Embarked_S,Title_Miss,Title_Mr,Title_Mrs,Title_Rare,Deck_B,Deck_C,Deck_D,Deck_E,Deck_F,Deck_G,Deck_T,Deck_Unknown,Survived
1,3,1,22.0,1,0,7.25,2,0,1,0,0,A,1,3.625,0,1,0,23,2,0,0,0,1,0,1,0,0,0,0,0,0,0,0,0,1,0
2,1,0,38.0,1,0,71.2833,2,0,1,0,1,PC,1,35.64165,0,1,0,51,3,4,3,0,0,0,0,1,0,0,1,0,0,0,0,0,0,1
3,3,0,26.0,0,0,7.925,1,1,0,0,0,STON,1,7.925,0,1,0,22,2,1,1,0,1,1,0,0,0,0,0,0,0,0,0,0,1,1
4,1,0,35.0,1,0,53.1,2,0,1,0,1,None,0,26.55,0,1,0,44,2,4,3,0,1,0,0,1,0,0,1,0,0,0,0,0,0,1
5,3,1,35.0,0,0,8.05,1,1,0,0,0,None,0,8.05,0,1,0,24,2,1,1,0,1,0,1,0,0,0,0,0,0,0,0,0,1,0
6,3,1,25.0,0,0,8.4583,1,1,0,0,0,None,0,8.4583,0,1,0,16,2,1,1,1,0,0,1,0,0,0,0,0,0,0,0,0,1,0
7,1,1,54.0,0,0,51.8625,1,1,0,0,1,None,0,51.8625,0,1,0,23,3,4,3,0,1,0,1,0,0,0,0,0,1,0,0,0,0,0
8,3,1,2.0,3,1,21.075,5,0,0,1,0,None,0,4.215,1,0,0,30,0,2,0,0,1,0,0,0,0,0,0,0,0,0,0,0,1,0
9,3,0,27.0,0,2,11.1333,3,0,1,0,0,None,0,3.7111,0,1,0,49,2,2,0,0,1,0,0,1,0,0,0,0,0,0,0,0,1,1
10,2,0,14.0,1,0,30.0708,2,0,1,0,0,None,0,15.0354,1,0,0,35,1,3,2,0,0,0,0,1,0,0,0,0,0,0,0,0,1,1
11,3,0,4.0,1,1,16.7,3,0,1,0,1,PP,1,5.566666666666666,1,0,0,31,0,2,0,0,1,1,0,0,0,0,0,0,0,0,1,0,0,1
12,1,0,58.0,0,0,26.55,1,1,0,0,1,None,0,26.55,0,1,0,24,3,3,3,0,1,1,0,0,0,0,1,0,0,0,0,0,0,1
13,3,1,20.0,0,0,8.05,1,1,0,0,0,A,1,8.05,0,1,0,30,2,1,1,0,1,0,1,0,0,0,0,0,0,0,0,0,1,0
14,3,1,39.0,1,5,31.275,7,0,0,1,0,None,0,4.4678571428571425,0,1,0,27,3,3,0,0,1,0,1,0,0,0,0,0,0,0,0,0,1,0
15,3,0,14.0,0,0,7.8542,1,1,0,0,0,None,0,7.8542,1,0,0,36,1,0,1,0,1,1,0,0,0,0,0,0,0,0,0,0,1,0
16,2,0,55.0,0,0,16.0,1,1,0,0,0,None,0,16.0,0,1,0,32,3,2,2,0,1,0,0,1,0,0,0,0,0,0,0,0,1,1
17,3,1,2.0,4,1,29.125,6,0,0,1,0,None,0,4.854166666666667,1,0,0,20,0,3,0,1,0,0,0,0,0,0,0,0,0,0,0,0,1,0
18,2,1,29.5,0,0,13.0,1,1,0,0,0,None,0,13.0,0,1,0,28,2,2,2,0,1,0,1,0,0,0,0,0,0,0,0,0,1,1
19,3,0,31.0,1,0,18.0,2,0,1,0,0,None,0,9.0,0,1,0,55,2,2,2,0,1,0,0,1,0,0,0,0,0,0,0,0,1,0
20,3,0,22.0,0,0,7.225,1,1,0,0,0,None,0,7.225,0,1,0,23,2,0,0,0,0,0,0,1,0,0,0,0,0,0,0,0,1,1
21,2,1,35.0,0,0,26.0,1,1,0,0,0,None,0,26.0,0,1,0,20,2,3,3,0,1,0,1,0,0,0,0,0,0,0,0,0,1,0
22,2,1,34.0,0,0,13.0,1,1,0,0,1,None,0,13.0,0,1,0,21,2,2,2,0,1,0,1,0,0,0,0,1,0,0,0,0,0,1
23,3,0,15.0,0,0,8.0292,1,1,0,0,0,None,0,8.0292,1,0,0,27,1,1,1,1,0,1,0,0,0,0,0,0,0,0,0,0,1,1
24,1,1,28.0,0,0,35.5,1,1,0,0,1,None,0,35.5,0,1,0,28,2,3,3,0,1,0,1,0,0,0,0,0,0,0,0,0,0,1
25,3,0,8.0,3,1,21.075,5,0,0,1,0,None,0,4.215,1,0,0,29,0,2,0,0,1,1,0,0,0,0,0,0,0,0,0,0,1,0
26,3,0,38.0,1,5,31.3875,7,0,0,1,0,None,0,4.483928571428572,0,1,0,57,3,3,0,0,1,0,0,1,0,0,0,0,0,0,0,0,1,1
27,3,1,25.0,0,0,7.225,1,1,0,0,0,None,0,7.225,0,1,0,23,2,0,0,0,0,0,1,0,0,0,0,0,0,0,0,0,1,0
28,1,1,19.0,3,2,263.0,6,0,0,1,1,None,0,43.833333333333336,0,1,0,30,2,4,3,0,1,0,1,0,0,0,1,0,0,0,0,0,0,0
29,3,0,22.0,0,0,7.8792,1,1,0,0,0,None,0,7.8792,0,1,0,29,2,1,1,1,0,1,0,0,0,0,0,0,0,0,0,0,1,1
30,3,1,25.0,0,0,7.8958,1,1,0,0,0,None,0,7.8958,0,1,0,19,2,1,1,0,1,0,1,0,0,0,0,0,0,0,0,0,1,0
31,1,1,40.0,0,0,27.7208,1,1,0,0,0,PC,1,27.7208,0,1,0,24,3,3,3,0,0,0,0,0,1,0,0,0,0,0,0,0,1,0
32,1,0,36.0,1,0,146.5208,2,0,1,0,1,PC,1,73.2604,0,1,0,46,3,4,3,0,0,0,0,1,0,1,0,0,0,0,0,0,0,1
33,3,0,22.0,0,0,7.75,1,1,0,0,0,None,0,7.75,0,1,0,24,2,0,1,1,0,1,0,0,0,0,0,0,0,0,0,0,1,1
34,2,1,66.0,0,0,10.5,1,1,0,0,0,C,1,10.5,0,0,1,21,4,1,2,0,1,0,1,0,0,0,0,0,0,0,0,0,1,0
35,1,1,28.0,1,0,82.1708,2,0,1,0,0,PC,1,41.0854,0,1,0,23,2,4,3,0,0,0,1,0,0,0,0,0,0,0,0,0,1,0
36,1,1,42.0,1,0,52.0,2,0,1,0,0,None,0,26.0,0,1,0,30,3,4,3,0,1,0,1,0,0,0,0,0,0,0,0,0,1,0
37,3,1,25.0,0,0,7.2292,1,1,0,0,0,None,0,7.2292,0,1,0,16,2,0,0,0,0,0,1,0,0,0,0,0,0,0,0,0,1,1
38,3,1,21.0,0,0,8.05,1,1,0,0,0,A,1,8.05,0,1,0,24,2,1,1,0,1,0,1,0,0,0,0,0,0,0,0,0,1,0
39,3,0,18.0,2,0,18.0,3,0,1,0,0,None,0,6.0,0,1,0,34,1,2,0,0,1,1,0,0,0,0,0,0,0,0,0,0,1,0
40,3,0,14.0,1,0,11.2417,2,0,1,0,0,None,0,5.62085,1,0,0,27,1,2,0,0,0,1,0,0,0,0,0,0,0,0,0,0,1,1
41,3,0,40.0,1,0,9.475,2,0,1,0,0,None,0,4.7375,0,1,0,46,3,1,0,0,1,0,0,1,0,0,0,0,0,0,0,0,1,0
42,2,0,27.0,1,0,21.0,2,0,1,0,0,None,0,10.5,0,1,0,56,2,2,2,0,1,0,0,1,0,0,0,0,0,0,0,0,1,0
43,3,1,25.0,0,0,7.8958,1,1,0,0,0,None,0,7.8958,0,1,0,19,2,1,1,0,0,0,1,0,0,0,0,0,0,0,0,0,1,0
44,2,0,3.0,1,2,41.5792,4,0,1,0,0,SC,1,10.3948,1,0,0,40,0,3,2,0,0,1,0,0,0,0,0,0,0,0,0,0,1,1
45,3,0,19.0,0,0,7.8792,1,1,0,0,0,None,0,7.8792,0,1,0,29,2,1,1,1,0,1,0,0,0,0,0,0,0,0,0,0,1,1
46,3,1,25.0,0,0,8.05,1,1,0,0,0,S,1,8.05,0,1,0,24,2,1,1,0,1,0,1,0,0,0,0,0,0,0,0,0,1,0
47,3,1,25.0,1,0,15.5,2,0,1,0,0,None,0,7.75,0,1,0,17,2,2,1,1,0,0,1,0,0,0,0,0,0,0,0,0,1,0
48,3,0,22.0,0,0,7.75,1,1,0,0,0,None,0,7.75,0,1,0,25,2,0,1,1,0,1,0,0,0,0,0,0,0,0,0,0,1,1
49,3,1,25.0,2,0,21.6792,3,0,1,0,0,None,0,7.226400000000001,0,1,0,19,2,3,0,0,0,0,1,0,0,0,0,0,0,0,0,0,1,0
50,3,0,18.0,1,0,17.8,2,0,1,0,0,None,0,8.9,0,1,0,45,1,2,2,0,1,0,0,1,0,0,0,0,0,0,0,0,1,0
51,3,1,7.0,4,1,39.6875,6,0,0,1,0,None,0,6.614583333333333,1,0,0,26,0,3,0,0,1,0,0,0,0,0,0,0,0,0,0,0,1,0
52,3,1,21.0,0,0,7.8,1,1,0,0,0,A,1,7.8,0,1,0,28,2,0,1,0,1,0,1,0,0,0,0,0,0,0,0,0,1,0
53,1,0,49.0,1,0,76.7292,2,0,1,0,1,PC,1,38.3646,0,1,0,40,3,4,3,0,0,0,0,1,0,0,0,1,0,0,0,0,0,1
54,2,0,29.0,1,0,26.0,2,0,1,0,0,None,0,13.0,0,1,0,50,2,3,2,0,1,0,0,1,0,0,0,0,0,0,0,0,1,1
55,1,1,65.0,0,1,61.9792,2,0,1,0,1,None,0,30.9896,0,0,1,30,4,4,3,0,0,0,1,0,0,1,0,0,0,0,0,0,0,0
56,1,1,42.0,0,0,35.5,1,1,0,0,1,None,0,35.5,0,1,0,17,3,3,3,0,1,0,1,0,0,0,1,0,0,0,0,0,0,1
57,2,0,21.0,0,0,10.5,1,1,0,0,0,C,1,10.5,0,1,0,17,2,1,2,0,1,1,0,0,0,0,0,0,0,0,0,0,1,1
58,3,1,28.5,0,0,7.2292,1,1,0,0,0,None,0,7.2292,0,1,0,19,2,0,0,0,0,0,1,0,0,0,0,0,0,0,0,0,1,0
59,2,0,5.0,1,2,27.75,4,0,1,0,0,C,1,6.9375,1,0,0,28,0,3,0,0,1,1,0,0,0,0,0,0,0,0,0,0,1,1
60,3,1,11.0,5,2,46.9,8,0,0,1,0,CA,1,5.8625,1,0,0,34,0,4,0,0,1,0,0,0,0,0,0,0,0,0,0,0,1,0
61,3,1,22.0,0,0,7.2292,1,1,0,0,0,None,0,7.2292,0,1,0,21,2,0,0,0,0,0,1,0,0,0,0,0,0,0,0,0,1,0
62,1,0,38.0,0,0,80.0,1,1,0,0,1,None,0,80.0,0,1,0,19,3,4,3,0,1,1,0,0,0,1,0,0,0,0,0,0,0,1
63,1,1,45.0,1,0,83.475,2,0,1,0,1,None,0,41.7375,0,1,0,27,3,4,3,0,1,0,1,0,0,0,1,0,0,0,0,0,0,0
64,3,1,4.0,3,2,27.9,6,0,0,1,0,None,0,4.6499999999999995,1,0,0,21,0,3,0,0,1,0,0,0,0,0,0,0,0,0,0,0,1,0
65,1,1,42.0,0,0,27.7208,1,1,0,0,0,PC,1,27.7208,0,1,0,21,3,3,3,0,0,0,1,0,0,0,0,0,0,0,0,0,1,0
66,3,1,25.0,1,1,15.2458,3,0,1,0,0,None,0,5.081933333333333,0,1,0,24,2,2,0,0,0,0,0,0,0,0,0,0,0,0,0,0,1,1
67,2,0,29.0,0,0,10.5,1,1,0,0,1,C,1,10.5,0,1,0,28,2,1,2,0,1,0,0,1,0,0,0,0,0,1,0,0,0,1
68,3,1,19.0,0,0,8.1583,1,1,0,0,0,S,1,8.1583,0,1,0,24,2,1,1,0,1,0,1,0,0,0,0,0,0,0,0,0,1,0
69,3,0,17.0,4,2,7.925,7,0,0,1,0,None,0,1.1321428571428571,0,1,0,31,1,1,0,0,1,1,0,0,0,0,0,0,0,0,0,0,1,1
70,3,1,26.0,2,0,8.6625,3,0,1,0,0,None,0,2.8874999999999997,0,1,0,17,2,1,0,0,1,0,1,0,0,0,0,0,0,0,0,0,1,0
71,2,1,32.0,0,0,10.5,1,1,0,0,0,C,1,10.5,0,1,0,26,2,1,2,0,1,0,1,0,0,0,0,0,0,0,0,0,1,0
72,3,0,16.0,5,2,46.9,8,0,0,1,0,CA,1,5.8625,0,1,0,26,1,4,0,0,1,1,0,0,0,0,0,0,0,0,0,0,1,0
73,2,1,21.0,0,0,73.5,1,1,0,0,0,S,1,73.5,0,1,0,20,2,4,3,0,1,0,1,0,0,0,0,0,0,0,0,0,1,0
74,3,1,26.0,1,0,14.4542,2,0,1,0,0,None,0,7.2271,0,1,0,27,2,2,0,0,0,0,1,0,0,0,0,0,0,0,0,0,1,0
75,3,1,32.0,0,0,56.4958,1,1,0,0,0,None,0,56.4958,0,1,0,13,2,4,3,0,1,0,1,0,0,0,0,0,0,0,0,0,1,1
76,3,1,25.0,0,0,7.65,1,1,0,0,1,None,0,7.65,0,1,0,23,2,0,1,0,1,0,1,0,0,0,0,0,0,1,0,0,0,0
77,3,1,25.0,0,0,7.8958,1,1,0,0,0,None,0,7.8958,0,1,0,17,2,1,1,0,1,0,1,0,0,0,0,0,0,0,0,0,1,0
78,3,1,25.0,0,0,8.05,1,1,0,0,0,None,0,8.05,0,1,0,24,2,1,1,0,1,0,1,0,0,0,0,0,0,0,0,0,1,0
79,2,1,0.83,0,2,29.0,3,0,1,0,0,None,0,9.666666666666666,1,0,0,29,0,3,2,0,1,0,0,0,0,0,0,0,0,0,0,0,1,1
80,3,0,30.0,0,0,12.475,1,1,0,0,0,None,0,12.475,0,1,0,24,2,2,2,0,1,1,0,0,0,0,0,0,0,0,0,0,1,1
81,3,1,22.0,0,0,9.0,1,1,0,0,0,None,0,9.0,0,1,0,20,2,1,2,0,1,0,1,0,0,0,0,0,0,0,0,0,1,0
82,3,1,29.0,0,0,9.5,1,1,0,0,0,None,0,9.5,0,1,0,27,2,1,2,0,1,0,1,0,0,0,0,0,0,0,0,0,1,1
83,3,0,22.0,0,0,7.7875,1,1,0,0,0,None,0,7.7875,0,1,0,30,2,0,1,1,0,1,0,0,0,0,0,0,0,0,0,0,1,1
84,1,1,28.0,0,0,47.1,1,1,0,0,0,None,0,47.1,0,1,0,23,2,4,3,0,1,0,1,0,0,0,0,0,0,0,0,0,1,0
85,2,0,17.0,0,0,10.5,1,1,0,0,0,SO,1,10.5,0,1,0,19,1,1,2,0,1,1,0,0,0,0,0,0,0,0,0,0,1,1
86,3,0,33.0,3,0,15.85,4,0,1,0,0,None,0,3.9625,0,1,0,55,2,2,0,0,1,0,0,1,0,0,0,0,0,0,0,0,1,1
87,3,1,16.0,1,3,34.375,5,0,0,1,0,W,1,6.875,0,1,0,22,1,3,0,0,1,0,1,0,0,0,0,0,0,0,0,0,1,0
88,3,1,25.0,0,0,8.05,1,1,0,0,0,SOTON,1,8.05,0,1,0,29,2,1,1,0,1,0,1,0,0,0,0,0,0,0,0,0,1,0
89,1,0,23.0,3,2,263.0,6,0,0,1,1,None,0,43.833333333333336,0,1,0,26,2,4,3,0,1,1,0,0,0,0,1,0,0,0,0,0,0,1
90,3,1,24.0,0,0,8.05,1,1,0,0,0,None,0,8.05,0,1,0,22,2,1,1,0,1,0,1,0,0,0,0,0,0,0,0,0,1,0
91,3,1,29.0,0,0,8.05,1,1,0,0,0,None,0,8.05,0,1,0,20,2,1,1,0,1,0,1,0,0,0,0,0,0,0,0,0,1,0
92,3,1,20.0,0,0,7.8542,1,1,0,0,0,None,0,7.8542,0,1,0,26,2,0,1,0,1,0,1,0,0,0,0,0,0,0,0,0,1,0
93,1,1,46.0,1,0,61.175,2,0,1,0,1,W,1,30.5875,0,1,0,27,3,4,3,0,1,0,1,0,0,0,0,0,1,0,0,0,0,0
94,3,1,26.0,1,2,20.575,4,0,1,0,0,C,1,5.14375,0,1,0,23,2,2,0,0,1,0,1,0,0,0,0,0,0,0,0,0,1,0
95,3,1,59.0,0,0,7.25,1,1,0,0,0,None,0,7.25,0,1,0,17,3,0,0,0,1,0,1,0,0,0,0,0,0,0,0,0,1,0
96,3,1,25.0,0,0,8.05,1,1,0,0,0,None,0,8.05,0,1,0,27,2,1,1,0,1,0,1,0,0,0,0,0,0,0,0,0,1,0
97,1,1,71.0,0,0,34.6542,1,1,0,0,1,PC,1,34.6542,0,0,1,25,4,3,3,0,0,0,1,0,0,0,0,0,0,0,0,0,0,0
98,1,1,23.0,0,1,63.3583,2,0,1,0,1,PC,1,31.67915,0,1,0,31,2,4,3,0,0,0,1,0,0,0,0,1,0,0,0,0,0,1
99,2,0,34.0,0,1,23.0,2,0,1,0,0,None,0,11.5,0,1,0,36,2,3,2,0,1,0,0,1,0,0,0,0,0,0,0,0,1,1
100,2,1,34.0,1,0,26.0,2,0,1,0,0,None,0,13.0,0,1,0,17,2,3,2,0,1,0,1,0,0,0,0,0,0,0,0,0,1,0
101,3,0,28.0,0,0,7.8958,1,1,0,0,0,None,0,7.8958,0,1,0,23,2,1,1,0,1,1,0,0,0,0,0,0,0,0,0,0,1,0
102,3,1,25.0,0,0,7.8958,1,1,0,0,0,None,0,7.8958,0,1,0,32,2,1,1,0,1,0,1,0,0,0,0,0,0,0,0,0,1,0
103,1,1,21.0,0,1,77.2875,2,0,1,0,1,None,0,38.64375,0,1,0,25,2,4,3,0,1,0,1,0,0,0,0,1,0,0,0,0,0,0
104,3,1,33.0,0,0,8.6542,1,1,0,0,0,None,0,8.6542,0,1,0,26,2,1,2,0,1,0,1,0,0,0,0,0,0,0,0,0,1,0
105,3,1,37.0,2,0,7.925,3,0,1,0,0,None,0,2.6416666666666666,0,1,0,30,3,1,0,0,1,0,1,0,0,0,0,0,0,0,0,0,1,0
106,3,1,28.0,0,0,7.8958,1,1,0,0,0,None,0,7.8958,0,1,0,21,2,1,1,0,1,0,1,0,0,0,0,0,0,0,0,0,1,0
107,3,0,21.0,0,0,7.65,1,1,0,0,0,None,0,7.65,0,1,0,32,2,0,1,0,1,1,0,0,0,0,0,0,0,0,0,0,1,1
108,3,1,25.0,0,0,7.775,1,1,0,0,0,None,0,7.775,0,1,0,22,2,0,1,0,1,0,1,0,0,0,0,0,0,0,0,0,1,1
109,3,1,38.0,0,0,7.8958,1,1,0,0,0,None,0,7.8958,0,1,0,15,3,1,1,0,1,0,1,0,0,0,0,0,0,0,0,0,1,0
110,3,0,22.0,1,0,24.15,2,0,1,0,0,None,0,12.075,0,1,0,19,2,3,2,1,0,1,0,0,0,0,0,0,0,0,0,0,1,1
111,1,1,47.0,0,0,52.0,1,1,0,0,1,None,0,52.0,0,1,0,30,3,4,3,0,1,0,1,0,0,0,1,0,0,0,0,0,0,0
112,3,0,14.5,1,0,14.4542,2,0,1,0,0,None,0,7.2271,1,0,0,20,1,2,0,0,0,1,0,0,0,0,0,0,0,0,0,0,1,0
113,3,1,22.0,0,0,8.05,1,1,0,0,0,None,0,8.05,0,1,0,22,2,1,1,0,1,0,1,0,0,0,0,0,0,0,0,0,1,0
114,3,0,20.0,1,0,9.825,2,0,1,0,0,None,0,4.9125,0,1,0,23,2,1,0,0,1,1,0,0,0,0,0,0,0,0,0,0,1,0
115,3,0,17.0,0,0,14.4583,1,1,0,0,0,None,0,14.4583,0,1,0,21,1,2,2,0,0,1,0,0,0,0,0,0,0,0,0,0,1,0
116,3,1,21.0,0,0,7.925,1,1,0,0,0,STON,1,7.925,0,1,0,21,2,1,1,0,1,0,1,0,0,0,0,0,0,0,0,0,1,0
117,3,1,70.5,0,0,7.75,1,1,0,0,0,None,0,7.75,0,0,1,20,4,0,1,1,0,0,1,0,0,0,0,0,0,0,0,0,1,0
118,2,1,29.0,1,0,21.0,2,0,1,0,0,None,0,10.5,0,1,0,31,2,2,2,0,1,0,1,0,0,0,0,0,0,0,0,0,1,0
119,1,1,24.0,0,1,247.5208,2,0,1,0,1,PC,1,123.7604,0,1,0,24,2,4,3,0,0,0,1,0,0,1,0,0,0,0,0,0,0,0
120,3,0,2.0,4,2,31.275,7,0,0,1,0,None,0,4.4678571428571425,1,0,0,33,0,3,0,0,1,1,0,0,0,0,0,0,0,0,0,0,1,0
121,2,1,21.0,2,0,73.5,3,0,1,0,0,S,1,24.5,0,1,0,27,2,4,3,0,1,0,1,0,0,0,0,0,0,0,0,0,1,0
122,3,1,25.0,0,0,8.05,1,1,0,0,0,A,1,8.05,0,1,0,26,2,1,1,0,1,0,1,0,0,0,0,0,0,0,0,0,1,0
123,2,1,32.5,1,0,30.0708,2,0,1,0,0,None,0,15.0354,0,1,0,20,2,3,2,0,0,0,1,0,0,0,0,0,0,0,0,0,1,0
124,2,0,32.5,0,0,13.0,1,1,0,0,1,None,0,13.0,0,1,0,19,2,2,2,0,1,1,0,0,0,0,0,0,1,0,0,0,0,1
125,1,1,54.0,0,1,77.2875,2,0,1,0,1,None,0,38.64375,0,1,0,27,3,4,3,0,1,0,1,0,0,0,0,1,0,0,0,0,0,0
126,3,1,12.0,1,0,11.2417,2,0,1,0,0,None,0,5.62085,1,0,0,28,0,2,0,0,0,0,0,0,0,0,0,0,0,0,0,0,1,1
127,3,1,25.0,0,0,7.75,1,1,0,0,0,None,0,7.75,0,1,0,19,2,0,1,1,0,0,1,0,0,0,0,0,0,0,0,0,1,0
128,3,1,24.0,0,0,7.1417,1,1,0,0,0,C,1,7.1417,0,1,0,25,2,0,0,0,1,0,1,0,0,0,0,0,0,0,0,0,1,1
129,3,0,22.0,1,1,22.3583,3,0,1,0,1,None,0,7.452766666666666,0,1,0,17,2,3,0,0,0,1,0,0,0,0,0,0,0,1,0,0,0,1
130,3,1,45.0,0,0,6.975,1,1,0,0,0,None,0,6.975,0,1,0,18,3,0,0,0,1,0,1,0,0,0,0,0,0,0,0,0,1,0
131,3,1,33.0,0,0,7.8958,1,1,0,0,0,None,0,7.8958,0,1,0,20,2,1,1,0,0,0,1,0,0,0,0,0,0,0,0,0,1,0
132,3,1,20.0,0,0,7.05,1,1,0,0,0,SOTON,1,7.05,0,1,0,30,2,0,0,0,1,0,1,0,0,0,0,0,0,0,0,0,1,0
133,3,0,47.0,1,0,14.5,2,0,1,0,0,A,1,7.25,0,1,0,46,3,2,0,0,1,0,0,1,0,0,0,0,0,0,0,0,1,0
134,2,0,29.0,1,0,26.0,2,0,1,0,0,None,0,13.0,0,1,0,45,2,3,2,0,1,0,0,1,0,0,0,0,0,0,0,0,1,1
135,2,1,25.0,0,0,13.0,1,1,0,0,0,C,1,13.0,0,1,0,30,2,2,2,0,1,0,1,0,0,0,0,0,0,0,0,0,1,0
136,2,1,23.0,0,0,15.0458,1,1,0,0,0,SC,1,15.0458,0,1,0,18,2,2,2,0,0,0,1,0,0,0,0,0,0,0,0,0,1,0
137,1,0,19.0,0,2,26.2833,3,0,1,0,1,None,0,8.7611,0,1,0,28,2,3,2,0,1,1,0,0,0,0,0,1,0,0,0,0,0,1
138,1,1,37.0,1,0,53.1,2,0,1,0,1,None,0,26.55,0,1,0,27,3,4,3,0,1,0,1,0,0,0,1,0,0,0,0,0,0,0
139,3,1,16.0,0,0,9.2167,1,1,0,0,0,None,0,9.2167,0,1,0,19,1,1,2,0,1,0,1,0,0,0,0,0,0,0,0,0,1,0
140,1,1,24.0,0,0,79.2,1,1,0,0,1,PC,1,79.2,0,1,0,18,2,4,3,0,0,0,1,0,0,1,0,0,0,0,0,0,0,0
141,3,0,22.0,0,2,15.2458,3,0,1,0,0,None,0,5.081933333333333,0,1,0,29,2,2,0,0,0,0,0,1,0,0,0,0,0,0,0,0,1,0
142,3,0,22.0,0,0,7.75,1,1,0,0,0,None,0,7.75,0,1,0,24,2,0,1,0,1,1,0,0,0,0,0,0,0,0,0,0,1,1
143,3,0,24.0,1,0,15.85,2,0,1,0,0,STON,1,7.925,0,1,0,52,2,2,1,0,1,0,0,1,0,0,0,0,0,0,0,0,1,1
144,3,1,19.0,0,0,6.75,1,1,0,0,0,None,0,6.75,0,1,0,19,2,0,0,1,0,0,1,0,0,0,0,0,0,0,0,0,1,0
145,2,1,18.0,0,0,11.5,1,1,0,0,0,None,0,11.5,0,1,0,26,1,2,2,0,1,0,1,0,0,0,0,0,0,0,0,0,1,0
146,2,1,19.0,1,1,36.75,3,0,1,0,0,C,1,12.25,0,1,0,28,2,3,2,0,1,0,1,0,0,0,0,0,0,0,0,0,1,0
147,3,1,27.0,0,0,7.7958,1,1,0,0,0,None,0,7.7958,0,1,0,44,2,0,1,0,1,0,1,0,0,0,0,0,0,0,0,0,1,1
148,3,0,9.0,2,2,34.375,5,0,0,1,0,W,1,6.875,1,0,0,32,0,3,0,0,1,1,0,0,0,0,0,0,0,0,0,0,1,0
149,2,1,36.5,0,2,26.0,3,0,1,0,1,None,0,8.666666666666666,0,1,0,40,3,3,2,0,1,0,1,0,0,0,0,0,0,1,0,0,0,0
150,2,1,42.0,0,0,13.0,1,1,0,0,0,None,0,13.0,0,1,0,33,3,2,2,0,1,0,0,0,1,0,0,0,0,0,0,0,1,0
151,2,1,51.0,0,0,12.525,1,1,0,0,0,S,1,12.525,0,1,0,26,3,2,2,0,1,0,0,0,1,0,0,0,0,0,0,0,1,0
152,1,0,22.0,1,0,66.6,2,0,1,0,1,None,0,33.3,0,1,0,33,2,4,3,0,1,0,0,1,0,0,1,0,0,0,0,0,0,1
153,3,1,55.5,0,0,8.05,1,1,0,0,0,A,1,8.05,0,1,0,16,3,1,1,0,1,0,1,0,0,0,0,0,0,0,0,0,1,0
154,3,1,40.5,0,2,14.5,3,0,1,0,0,A,1,4.833333333333333,0,1,0,31,3,2,0,0,1,0,1,0,0,0,0,0,0,0,0,0,1,0
155,3,1,25.0,0,0,7.3125,1,1,0,0,0,Fa,1,7.3125,0,1,0,21,2,0,0,0,1,0,1,0,0,0,0,0,0,0,0,0,1,0
156,1,1,51.0,0,1,61.3792,2,0,1,0,0,PC,1,30.6896,0,1,0,27,3,4,3,0,0,0,1,0,0,0,0,0,0,0,0,0,1,0
157,3,0,16.0,0,0,7.7333,1,1,0,0,0,None,0,7.7333,0,1,0,32,1,0,1,1,0,1,0,0,0,0,0,0,0,0,0,0,1,1
158,3,1,30.0,0,0,8.05,1,1,0,0,0,SOTON,1,8.05,0,1,0,15,2,1,1,0,1,0,1,0,0,0,0,0,0,0,0,0,1,0
159,3,1,25.0,0,0,8.6625,1,1,0,0,0,None,0,8.6625,0,1,0,19,2,1,2,0,1,0,1,0,0,0,0,0,0,0,0,0,1,0
160,3,1,25.0,8,2,69.55,11,0,0,1,0,CA,1,6.322727272727272,0,1,0,26,2,4,0,0,1,0,0,0,0,0,0,0,0,0,0,0,1,0
161,3,1,44.0,0,1,16.1,2,0,1,0,0,None,0,8.05,0,1,0,24,3,2,1,0,1,0,1,0,0,0,0,0,0,0,0,0,1,0
162,2,0,40.0,0,0,15.75,1,1,0,0,0,C,1,15.75,0,1,0,50,3,2,2,0,1,0,0,1,0,0,0,0,0,0,0,0,1,1
163,3,1,26.0,0,0,7.775,1,1,0,0,0,None,0,7.775,0,1,0,26,2,0,1,0,1,0,1,0,0,0,0,0,0,0,0,0,1,0
164,3,1,17.0,0,0,8.6625,1,1,0,0,0,None,0,8.6625,0,1,0,15,1,1,2,0,1,0,1,0,0,0,0,0,0,0,0,0,1,0
165,3,1,1.0,4,1,39.6875,6,0,0,1,0,None,0,6.614583333333333,1,0,0,28,0,3,0,0,1,0,0,0,0,0,0,0,0,0,0,0,1,0
166,3,1,9.0,0,2,20.525,3,0,1,0,0,None,0,6.841666666666666,1,0,0,47,0,2,0,0,1,0,0,0,0,0,0,0,0,0,0,0,1,1
167,1,0,36.0,0,1,55.0,2,0,1,0,1,None,0,27.5,0,1,0,38,3,4,3,0,1,0,0,1,0,0,0,0,1,0,0,0,0,1
168,3,0,45.0,1,4,27.9,6,0,0,1,0,None,0,4.6499999999999995,0,1,0,47,3,3,0,0,1,0,0,1,0,0,0,0,0,0,0,0,1,0
169,1,1,42.0,0,0,25.925,1,1,0,0,0,PC,1,25.925,0,1,0,19,3,3,3,0,1,0,1,0,0,0,0,0,0,0,0,0,1,0
170,3,1,28.0,0,0,56.4958,1,1,0,0,0,None,0,56.4958,0,1,0,13,2,4,3,0,1,0,1,0,0,0,0,0,0,0,0,0,1,0
171,1,1,61.0,0,0,33.5,1,1,0,0,1,None,0,33.5,0,0,1,25,4,3,3,0,1,0,1,0,0,1,0,0,0,0,0,0,0,0
172,3,1,4.0,4,1,29.125,6,0,0,1,0,None,0,4.854166666666667,1,0,0,20,0,3,0,1,0,0,0,0,0,0,0,0,0,0,0,0,1,0
173,3,0,1.0,1,1,11.1333,3,0,1,0,0,None,0,3.7111,1,0,0,28,0,2,0,0,1,1,0,0,0,0,0,0,0,0,0,0,1,1
174,3,1,21.0,0,0,7.925,1,1,0,0,0,STON,1,7.925,0,1,0,25,2,1,1,0,1,0,1,0,0,0,0,0,0,0,0,0,1,0
175,1,1,56.0,0,0,30.6958,1,1,0,0,1,None,0,30.6958,0,1,0,23,3,3,3,0,0,0,1,0,0,0,0,0,0,0,0,0,0,0
176,3,1,18.0,1,1,7.8542,3,0,1,0,0,None,0,2.6180666666666665,0,1,0,22,1,0,0,0,1,0,1,0,0,0,0,0,0,0,0,0,1,0
177,3,1,25.0,3,1,25.4667,5,0,0,1,0,None,0,5.0933399999999995,0,1,0,29,2,3,0,0,1,0,0,0,0,0,0,0,0,0,0,0,1,0
178,1,0,50.0,0,0,28.7125,1,1,0,0,1,PC,1,28.7125,0,1,0,26,3,3,3,0,0,1,0,0,0,0,1,0,0,0,0,0,0,0
179,2,1,30.0,0,0,13.0,1,1,0,0,0,None,0,13.0,0,1,0,18,2,2,2,0,1,0,1,0,0,0,0,0,0,0,0,0,1,0
180,3,1,36.0,0,0,0.0,1,1,0,0,0,LINE,1,0.0,0,1,0,19,3,0,0,0,1,0,1,0,0,0,0,0,0,0,0,0,1,0
181,3,0,22.0,8,2,69.55,11,0,0,1,0,CA,1,6.322727272727272,0,1,0,28,2,4,0,0,1,1,0,0,0,0,0,0,0,0,0,0,1,0
182,2,1,29.5,0,0,15.05,1,1,0,0,0,SC,1,15.05,0,1,0,16,2,2,2,0,0,0,1,0,0,0,0,0,0,0,0,0,1,0
183,3,1,9.0,4,2,31.3875,7,0,0,1,0,None,0,4.483928571428572,1,0,0,37,0,3,0,0,1,0,0,0,0,0,0,0,0,0,0,0,1,0
184,2,1,1.0,2,1,39.0,4,0,1,0,1,None,0,9.75,1,0,0,25,0,3,2,0,1,0,0,0,0,0,0,0,0,1,0,0,0,1
185,3,0,4.0,0,2,22.025,3,0,1,0,0,None,0,7.341666666666666,1,0,0,35,0,3,0,0,1,1,0,0,0,0,0,0,0,0,0,0,1,1
186,1,1,42.0,0,0,50.0,1,1,0,0,1,None,0,50.0,0,1,0,21,3,4,3,0,1,0,1,0,0,0,0,0,0,0,0,0,0,0
187,3,0,22.0,1,0,15.5,2,0,1,0,0,None,0,7.75,0,1,0,47,2,2,1,1,0,0,0,1,0,0,0,0,0,0,0,0,1,1
188,1,1,45.0,0,0,26.55,1,1,0,0,0,None,0,26.55,0,1,0,45,3,3,3,0,1,0,1,0,0,0,0,0,0,0,0,0,1,1
189,3,1,40.0,1,1,15.5,3,0,1,0,0,None,0,5.166666666666667,0,1,0,16,3,2,0,1,0,0,1,0,0,0,0,0,0,0,0,0,1,0
190,3,1,36.0,0,0,7.8958,1,1,0,0,0,None,0,7.8958,0,1,0,19,3,1,1,0,1,0,1,0,0,0,0,0,0,0,0,0,1,0
191,2,0,32.0,0,0,13.0,1,1,0,0,0,None,0,13.0,0,1,0,19,2,2,2,0,1,0,0,1,0,0,0,0,0,0,0,0,1,1
192,2,1,19.0,0,0,13.0,1,1,0,0,0,None,0,13.0,0,1,0,21,2,2,2,0,1,0,1,0,0,0,0,0,0,0,0,0,1,0
193,3,0,19.0,1,0,7.8542,2,0,1,0,0,None,0,3.9271,0,1,0,47,2,0,0,0,1,1,0,0,0,0,0,0,0,0,0,0,1,1
194,2,1,3.0,1,1,26.0,3,0,1,0,1,None,0,8.666666666666666,1,0,0,26,0,3,2,0,1,0,0,0,0,0,0,0,0,1,0,0,0,1
195,1,0,44.0,0,0,27.7208,1,1,0,0,1,PC,1,27.7208,0,1,0,41,3,3,3,0,0,0,0,1,0,1,0,0,0,0,0,0,0,1
196,1,0,58.0,0,0,146.5208,1,1,0,0,1,PC,1,146.5208,0,1,0,20,3,4,3,0,0,1,0,0,0,1,0,0,0,0,0,0,0,1
197,3,1,25.0,0,0,7.75,1,1,0,0,0,None,0,7.75,0,1,0,19,2,0,1,1,0,0,1,0,0,0,0,0,0,0,0,0,1,0
198,3,1,42.0,0,1,8.4042,2,0,1,0,0,None,0,4.2021,0,1,0,32,3,1,0,0,1,0,1,0,0,0,0,0,0,0,0,0,1,0
199,3,0,22.0,0,0,7.75,1,1,0,0,0,None,0,7.75,0,1,0,32,2,0,1,1,0,1,0,0,0,0,0,0,0,0,0,0,1,1
200,2,0,24.0,0,0,13.0,1,1,0,0,0,None,0,13.0,0,1,0,38,2,2,2,0,1,1,0,0,0,0,0,0,0,0,0,0,1,0
201,3,1,28.0,0,0,9.5,1,1,0,0,0,None,0,9.5,0,1,0,30,2,1,2,0,1,0,1,0,0,0,0,0,0,0,0,0,1,0
202,3,1,25.0,8,2,69.55,11,0,0,1,0,CA,1,6.322727272727272,0,1,0,19,2,4,0,0,1,0,1,0,0,0,0,0,0,0,0,0,1,0
203,3,1,34.0,0,0,6.4958,1,1,0,0,0,None,0,6.4958,0,1,0,26,2,0,0,0,1,0,1,0,0,0,0,0,0,0,0,0,1,0
204,3,1,45.5,0,0,7.225,1,1,0,0,0,None,0,7.225,0,1,0,20,3,0,0,0,0,0,1,0,0,0,0,0,0,0,0,0,1,0
205,3,1,18.0,0,0,8.05,1,1,0,0,0,A,1,8.05,0,1,0,24,1,1,1,0,1,0,1,0,0,0,0,0,0,0,0,0,1,1
206,3,0,2.0,0,1,10.4625,2,0,1,0,1,None,0,5.23125,1,0,0,26,0,1,0,0,1,1,0,0,0,0,0,0,0,0,1,0,0,0
207,3,1,32.0,1,0,15.85,2,0,1,0,0,None,0,7.925,0,1,0,26,2,2,1,0,1,0,1,0,0,0,0,0,0,0,0,0,1,0
208,3,1,26.0,0,0,18.7875,1,1,0,0,0,None,0,18.7875,0,1,0,27,2,2,2,0,0,0,1,0,0,0,0,0,0,0,0,0,1,1
209,3,0,16.0,0,0,7.75,1,1,0,0,0,None,0,7.75,0,1,0,25,1,0,1,1,0,1,0,0,0,0,0,0,0,0,0,0,1,1
210,1,1,40.0,0,0,31.0,1,1,0,0,1,None,0,31.0,0,1,0,16,3,3,3,0,0,0,1,0,0,0,0,0,0,0,0,0,0,1
211,3,1,24.0,0,0,7.05,1,1,0,0,0,SOTON,1,7.05,0,1,0,14,2,0,0,0,1,0,1,0,0,0,0,0,0,0,0,0,1,0
212,2,0,35.0,0,0,21.0,1,1,0,0,0,F,1,21.0,0,1,0,26,2,2,2,0,1,1,0,0,0,0,0,0,0,0,0,0,1,1
213,3,1,22.0,0,0,7.25,1,1,0,0,0,A,1,7.25,0,1,0,22,2,0,0,0,1,0,1,0,0,0,0,0,0,0,0,0,1,0
214,2,1,30.0,0,0,13.0,1,1,0,0,0,None,0,13.0,0,1,0,27,2,2,2,0,1,0,1,0,0,0,0,0,0,0,0,0,1,0
215,3,1,25.0,1,0,7.75,2,0,1,0,0,None,0,3.875,0,1,0,19,2,0,0,1,0,0,1,0,0,0,0,0,0,0,0,0,1,0
216,1,0,31.0,1,0,113.275,2,0,1,0,1,None,0,56.6375,0,1,0,23,2,4,3,0,0,1,0,0,0,0,0,1,0,0,0,0,0,1
217,3,0,27.0,0,0,7.925,1,1,0,0,0,STON,1,7.925,0,1,0,22,2,1,1,0,1,1,0,0,0,0,0,0,0,0,0,0,1,1
218,2,1,42.0,1,0,27.0,2,0,1,0,0,None,0,13.5,0,1,0,28,3,3,2,0,1,0,1,0,0,0,0,0,0,0,0,0,1,0
219,1,0,32.0,0,0,76.2917,1,1,0,0,1,None,0,76.2917,0,1,0,21,2,4,3,0,0,1,0,0,0,0,0,1,0,0,0,0,0,1
220,2,1,30.0,0,0,10.5,1,1,0,0,0,W,1,10.5,0,1,0,18,2,1,2,0,1,0,1,0,0,0,0,0,0,0,0,0,1,0
221,3,1,16.0,0,0,8.05,1,1,0,0,0,SOTON,1,8.05,0,1,0,30,1,1,1,0,1,0,1,0,0,0,0,0,0,0,0,0,1,1
222,2,1,27.0,0,0,13.0,1,1,0,0,0,None,0,13.0,0,1,0,20,2,2,2,0,1,0,1,0,0,0,0,0,0,0,0,0,1,0
223,3,1,51.0,0,0,8.05,1,1,0,0,0,None,0,8.05,0,1,0,23,3,1,1,0,1,0,1,0,0,0,0,0,0,0,0,0,1,0
224,3,1,25.0,0,0,7.8958,1,1,0,0,0,None,0,7.8958,0,1,0,20,2,1,1,0,1,0,1,0,0,0,0,0,0,0,0,0,1,0
225,1,1,38.0,1,0,90.0,2,0,1,0,1,None,0,45.0,0,1,0,28,3,4,3,0,1,0,1,0,0,0,1,0,0,0,0,0,0,1
226,3,1,22.0,0,0,9.35,1,1,0,0,0,PP,1,9.35,0,1,0,28,2,1,2,0,1,0,1,0,0,0,0,0,0,0,0,0,1,0
227,2,1,19.0,0,0,10.5,1,1,0,0,0,SW,1,10.5,0,1,0,25,2,1,2,0,1,0,1,0,0,0,0,0,0,0,0,0,1,1
228,3,1,20.5,0,0,7.25,1,1,0,0,0,A,1,7.25,0,1,0,31,2,0,0,0,1,0,1,0,0,0,0,0,0,0,0,0,1,0
229,2,1,18.0,0,0,13.0,1,1,0,0,0,None,0,13.0,0,1,0,25,1,2,2,0,1,0,1,0,0,0,0,0,0,0,0,0,1,0
230,3,0,22.0,3,1,25.4667,5,0,0,1,0,None,0,5.0933399999999995,0,1,0,23,2,3,0,0,1,1,0,0,0,0,0,0,0,0,0,0,1,0
231,1,0,35.0,1,0,83.475,2,0,1,0,1,None,0,41.7375,0,1,0,44,2,4,3,0,1,0,0,1,0,0,1,0,0,0,0,0,0,1
232,3,1,29.0,0,0,7.775,1,1,0,0,0,None,0,7.775,0,1,0,24,2,0,1,0,1,0,1,0,0,0,0,0,0,0,0,0,1,0
233,2,1,59.0,0,0,13.5,1,1,0,0,0,None,0,13.5,0,1,0,25,3,2,2,0,1,0,1,0,0,0,0,0,0,0,0,0,1,0
234,3,0,5.0,4,2,31.3875,7,0,0,1,0,None,0,4.483928571428572,1,0,0,30,0,3,0,0,1,1,0,0,0,0,0,0,0,0,0,0,1,1
235,2,1,24.0,0,0,10.5,1,1,0,0,0,C,1,10.5,0,1,0,33,2,1,2,0,1,0,1,0,0,0,0,0,0,0,0,0,1,0
236,3,0,22.0,0,0,7.55,1,1,0,0,0,W,1,7.55,0,1,0,28,2,0,1,0,1,1,0,0,0,0,0,0,0,0,0,0,1,0
237,2,1,44.0,1,0,26.0,2,0,1,0,0,None,0,13.0,0,1,0,17,3,3,2,0,1,0,1,0,0,0,0,0,0,0,0,0,1,0
238,2,0,8.0,0,2,26.25,3,0,1,0,0,C,1,8.75,1,0,0,32,0,3,2,0,1,1,0,0,0,0,0,0,0,0,0,0,1,1
239,2,1,19.0,0,0,10.5,1,1,0,0,0,None,0,10.5,0,1,0,31,2,1,2,0,1,0,1,0,0,0,0,0,0,0,0,0,1,0
240,2,1,33.0,0,0,12.275,1,1,0,0,0,SCO,1,12.275,0,1,0,22,2,2,2,0,1,0,1,0,0,0,0,0,0,0,0,0,1,0
241,3,0,22.0,1,0,14.4542,2,0,1,0,0,None,0,7.2271,0,1,0,21,2,2,0,0,0,1,0,0,0,0,0,0,0,0,0,0,1,0
242,3,0,22.0,1,0,15.5,2,0,1,0,0,None,0,7.75,0,1,0,30,2,2,1,1,0,1,0,0,0,0,0,0,0,0,0,0,1,1
243,2,1,29.0,0,0,10.5,1,1,0,0,0,W,1,10.5,0,1,0,31,2,1,2,0,1,0,1,0,0,0,0,0,0,0,0,0,1,0
244,3,1,22.0,0,0,7.125,1,1,0,0,0,STON,1,7.125,0,1,0,29,2,0,0,0,1,0,1,0,0,0,0,0,0,0,0,0,1,0
245,3,1,30.0,0,0,7.225,1,1,0,0,0,None,0,7.225,0,1,0,20,2,0,0,0,0,0,1,0,0,0,0,0,0,0,0,0,1,0
246,1,1,44.0,2,0,90.0,3,0,1,0,1,None,0,30.0,0,1,0,27,3,4,3,1,0,0,0,0,1,0,1,0,0,0,0,0,0,0
247,3,0,25.0,0,0,7.775,1,1,0,0,0,None,0,7.775,0,1,0,37,2,0,1,0,1,1,0,0,0,0,0,0,0,0,0,0,1,0
248,2,0,24.0,0,2,14.5,3,0,1,0,0,None,0,4.833333333333333,0,1,0,31,2,2,0,0,1,0,0,1,0,0,0,0,0,0,0,0,1,1
249,1,1,37.0,1,1,52.5542,3,0,1,0,1,None,0,17.518066666666666,0,1,0,29,3,4,2,0,1,0,1,0,0,0,0,1,0,0,0,0,0,1
250,2,1,54.0,1,0,26.0,2,0,1,0,0,None,0,13.0,0,1,0,29,3,3,2,0,1,0,0,0,1,0,0,0,0,0,0,0,1,0
251,3,1,25.0,0,0,7.25,1,1,0,0,0,None,0,7.25,0,1,0,22,2,0,0,0,1,0,1,0,0,0,0,0,0,0,0,0,1,0
252,3,0,29.0,1,1,10.4625,3,0,1,0,1,None,0,3.4875000000000003,0,1,0,42,2,1,0,0,1,0,0,1,0,0,0,0,0,0,1,0,0,0
253,1,1,62.0,0,0,26.55,1,1,0,0,1,None,0,26.55,0,0,1,25,4,3,3,0,1,0,1,0,0,0,1,0,0,0,0,0,0,0
254,3,1,30.0,1,0,16.1,2,0,1,0,0,A,1,8.05,0,1,0,24,2,2,1,0,1,0,1,0,0,0,0,0,0,0,0,0,1,0
255,3,0,41.0,0,2,20.2125,3,0,1,0,0,None,0,6.7375,0,1,0,40,3,2,0,0,1,0,0,1,0,0,0,0,0,0,0,0,1,0
256,3,0,29.0,0,2,15.2458,3,0,1,0,0,None,0,5.081933333333333,0,1,0,39,2,2,0,0,0,0,0,1,0,0,0,0,0,0,0,0,1,1
257,1,0,36.0,0,0,79.2,1,1,0,0,0,PC,1,79.2,0,1,0,30,3,4,3,0,0,0,0,1,0,0,0,0,0,0,0,0,1,1
258,1,0,30.0,0,0,86.5,1,1,0,0,1,None,0,86.5,0,1,0,20,2,4,3,0,1,1,0,0,0,1,0,0,0,0,0,0,0,1
259,1,0,35.0,0,0,512.3292,1,1,0,0,0,PC,1,512.3292,0,1,0,16,2,4,3,0,0,1,0,0,0,0,0,0,0,0,0,0,1,1
260,2,0,50.0,0,1,26.0,2,0,1,0,0,None,0,13.0,0,1,0,27,3,3,2,0,1,0,0,1,0,0,0,0,0,0,0,0,1,1
261,3,1,25.0,0,0,7.75,1,1,0,0,0,None,0,7.75,0,1,0,17,2,0,1,1,0,0,1,0,0,0,0,0,0,0,0,0,1,0
262,3,1,3.0,4,2,31.3875,7,0,0,1,0,None,0,4.483928571428572,1,0,0,33,0,3,0,0,1,0,0,0,0,0,0,0,0,0,0,0,1,1
263,1,1,52.0,1,1,79.65,3,0,1,0,1,None,0,26.55,0,1,0,17,3,4,3,0,1,0,1,0,0,0,0,0,1,0,0,0,0,0
264,1,1,40.0,0,0,0.0,1,1,0,0,1,None,0,0.0,0,1,0,21,3,0,0,0,1,0,1,0,0,1,0,0,0,0,0,0,0,0
265,3,0,22.0,0,0,7.75,1,1,0,0,0,None,0,7.75,0,1,0,18,2,0,1,1,0,1,0,0,0,0,0,0,0,0,0,0,1,0
266,2,1,36.0,0,0,10.5,1,1,0,0,0,C,1,10.5,0,1,0,17,3,1,2,0,1,0,1,0,0,0,0,0,0,0,0,0,1,0
267,3,1,16.0,4,1,39.6875,6,0,0,1,0,None,0,6.614583333333333,0,1,0,25,1,3,0,0,1,0,1,0,0,0,0,0,0,0,0,0,1,0
268,3,1,25.0,1,0,7.775,2,0,1,0,0,None,0,3.8875,0,1,0,24,2,0,0,0,1,0,1,0,0,0,0,0,0,0,0,0,1,1
269,1,0,58.0,0,1,153.4625,2,0,1,0,1,PC,1,76.73125,0,1,0,45,3,4,3,0,1,0,0,1,0,0,1,0,0,0,0,0,0,1
270,1,0,35.0,0,0,135.6333,1,1,0,0,1,PC,1,135.6333,0,1,0,22,2,4,3,0,1,1,0,0,0,0,1,0,0,0,0,0,0,1
271,1,1,42.0,0,0,31.0,1,1,0,0,0,None,0,31.0,0,1,0,21,3,3,3,0,1,0,1,0,0,0,0,0,0,0,0,0,1,0
272,3,1,25.0,0,0,0.0,1,1,0,0,0,LINE,1,0.0,0,1,0,28,2,0,0,0,1,0,1,0,0,0,0,0,0,0,0,0,1,1
273,2,0,41.0,0,1,19.5,2,0,1,0,0,None,0,9.75,0,1,0,41,3,2,2,0,1,0,0,1,0,0,0,0,0,0,0,0,1,1
274,1,1,37.0,0,1,29.7,2,0,1,0,1,PC,1,14.85,0,1,0,21,3,3,2,0,0,0,1,0,0,0,1,0,0,0,0,0,0,0
275,3,0,22.0,0,0,7.75,1,1,0,0,0,None,0,7.75,0,1,0,26,2,0,1,1,0,1,0,0,0,0,0,0,0,0,0,0,1,1
276,1,0,63.0,1,0,77.9583,2,0,1,0,1,None,0,38.97915,0,0,1,33,4,4,3,0,1,1,0,0,0,0,0,1,0,0,0,0,0,1
277,3,0,45.0,0,0,7.75,1,1,0,0,0,None,0,7.75,0,1,0,33,3,0,1,0,1,1,0,0,0,0,0,0,0,0,0,0,1,0
278,2,1,29.5,0,0,0.0,1,1,0,0,0,None,0,0.0,0,1,0,27,2,0,0,0,1,0,1,0,0,0,0,0,0,0,0,0,1,0
279,3,1,7.0,4,1,29.125,6,0,0,1,0,None,0,4.854166666666667,1,0,0,18,0,3,0,1,0,0,0,0,0,0,0,0,0,0,0,0,1,0
280,3,0,35.0,1,1,20.25,3,0,1,0,0,C,1,6.75,0,1,0,32,2,2,0,0,1,0,0,1,0,0,0,0,0,0,0,0,1,1
281,3,1,65.0,0,0,7.75,1,1,0,0,0,None,0,7.75,0,0,1,16,4,0,1,1,0,0,1,0,0,0,0,0,0,0,0,0,1,0
282,3,1,28.0,0,0,7.8542,1,1,0,0,0,None,0,7.8542,0,1,0,32,2,0,1,0,1,0,1,0,0,0,0,0,0,0,0,0,1,0
283,3,1,16.0,0,0,9.5,1,1,0,0,0,None,0,9.5,0,1,0,25,1,1,2,0,1,0,1,0,0,0,0,0,0,0,0,0,1,0
284,3,1,19.0,0,0,8.05,1,1,0,0,0,A,1,8.05,0,1,0,26,2,1,1,0,1,0,1,0,0,0,0,0,0,0,0,0,1,1
285,1,1,42.0,0,0,26.0,1,1,0,0,1,None,0,26.0,0,1,0,26,3,3,3,0,1,0,1,0,0,0,0,0,0,0,0,0,0,0
286,3,1,33.0,0,0,8.6625,1,1,0,0,0,None,0,8.6625,0,1,0,19,2,1,2,0,0,0,1,0,0,0,0,0,0,0,0,0,1,0
287,3,1,30.0,0,0,9.5,1,1,0,0,0,None,0,9.5,0,1,0,23,2,1,2,0,1,0,1,0,0,0,0,0,0,0,0,0,1,1
288,3,1,22.0,0,0,7.8958,1,1,0,0,0,None,0,7.8958,0,1,0,20,2,1,1,0,1,0,1,0,0,0,0,0,0,0,0,0,1,0
289,2,1,42.0,0,0,13.0,1,1,0,0,0,None,0,13.0,0,1,0,20,3,2,2,0,1,0,1,0,0,0,0,0,0,0,0,0,1,1
290,3,0,22.0,0,0,7.75,1,1,0,0,0,None,0,7.75,0,1,0,20,2,0,1,1,0,1,0,0,0,0,0,0,0,0,0,0,1,1
291,1,0,26.0,0,0,78.85,1,1,0,0,0,None,0,78.85,0,1,0,28,2,4,3,0,1,1,0,0,0,0,0,0,0,0,0,0,1,1
292,1,0,19.0,1,0,91.0792,2,0,1,0,1,None,0,45.5396,0,1,0,39,2,4,3,0,0,0,0,1,0,1,0,0,0,0,0,0,0,1
293,2,1,36.0,0,0,12.875,1,1,0,0,1,SC,1,12.875,0,1,0,22,3,2,2,0,0,0,1,0,0,0,0,1,0,0,0,0,0,0
294,3,0,24.0,0,0,8.85,1,1,0,0,0,None,0,8.85,0,1,0,19,2,1,2,0,1,1,0,0,0,0,0,0,0,0,0,0,1,0
295,3,1,24.0,0,0,7.8958,1,1,0,0,0,None,0,7.8958,0,1,0,16,2,1,1,0,1,0,1,0,0,0,0,0,0,0,0,0,1,0
296,1,1,42.0,0,0,27.7208,1,1,0,0,0,PC,1,27.7208,0,1,0,17,3,3,3,0,0,0,1,0,0,0,0,0,0,0,0,0,1,0
297,3,1,23.5,0,0,7.2292,1,1,0,0,0,None,0,7.2292,0,1,0,18,2,0,0,0,0,0,1,0,0,0,0,0,0,0,0,0,1,0
298,1,0,2.0,1,2,151.55,4,0,1,0,1,None,0,37.8875,1,0,0,28,0,4,3,0,1,1,0,0,0,0,1,0,0,0,0,0,0,0
299,1,1,42.0,0,0,30.5,1,1,0,0,1,None,0,30.5,0,1,0,21,3,3,3,0,1,0,1,0,0,0,1,0,0,0,0,0,0,1
300,1,0,50.0,0,1,247.5208,2,0,1,0,1,PC,1,123.7604,0,1,0,47,3,4,3,0,0,0,0,1,0,1,0,0,0,0,0,0,0,1
301,3,0,22.0,0,0,7.75,1,1,0,0,0,None,0,7.75,0,1,0,40,2,0,1,1,0,1,0,0,0,0,0,0,0,0,0,0,1,1
302,3,1,25.0,2,0,23.25,3,0,1,0,0,None,0,7.75,0,1,0,18,2,3,1,1,0,0,1,0,0,0,0,0,0,0,0,0,1,1
303,3,1,19.0,0,0,0.0,1,1,0,0,0,LINE,1,0.0,0,1,0,31,2,0,0,0,1,0,1,0,0,0,0,0,0,0,0,0,1,0
304,2,0,28.0,0,0,12.35,1,1,0,0,1,None,0,12.35,0,1,0,19,2,2,2,1,0,1,0,0,0,0,0,0,1,0,0,0,0,1
305,3,1,25.0,0,0,8.05,1,1,0,0,0,A,1,8.05,0,1,0,33,2,1,1,0,1,0,1,0,0,0,0,0,0,0,0,0,1,0
306,1,1,0.92,1,2,151.55,4,0,1,0,1,None,0,37.8875,1,0,0,30,0,4,3,0,1,0,0,0,0,0,1,0,0,0,0,0,0,1
307,1,0,36.0,0,0,110.8833,1,1,0,0,0,None,0,110.8833,0,1,0,23,3,4,3,0,0,1,0,0,0,0,0,0,0,0,0,0,1,1
308,1,0,17.0,1,0,108.9,2,0,1,0,1,PC,1,54.45,0,1,0,82,1,4,3,0,0,0,0,1,0,0,1,0,0,0,0,0,0,1
309,2,1,30.0,1,0,24.0,2,0,1,0,0,P,1,12.0,0,1,0,19,2,3,2,0,0,0,1,0,0,0,0,0,0,0,0,0,1,0
310,1,0,30.0,0,0,56.9292,1,1,0,0,1,PC,1,56.9292,0,1,0,30,2,4,3,0,0,1,0,0,0,0,0,0,1,0,0,0,0,1
311,1,0,24.0,0,0,83.1583,1,1,0,0,1,None,0,83.1583,0,1,0,30,2,4,3,0,0,1,0,0,0,0,1,0,0,0,0,0,0,1
312,1,0,18.0,2,2,262.375,5,0,0,1,1,PC,1,52.475,0,1,0,26,1,4,3,0,0,1,0,0,0,1,0,0,0,0,0,0,0,1
313,2,0,26.0,1,1,26.0,3,0,1,0,0,None,0,8.666666666666666,0,1,0,37,2,3,2,0,1,0,0,1,0,0,0,0,0,0,0,0,1,0
314,3,1,28.0,0,0,7.8958,1,1,0,0,0,None,0,7.8958,0,1,0,22,2,1,1,0,1,0,1,0,0,0,0,0,0,0,0,0,1,0
315,2,1,43.0,1,1,26.25,3,0,1,0,0,F,1,8.75,0,1,0,18,3,3,2,0,1,0,1,0,0,0,0,0,0,0,0,0,1,0
316,3,0,26.0,0,0,7.8542,1,1,0,0,0,None,0,7.8542,0,1,0,31,2,0,1,0,1,1,0,0,0,0,0,0,0,0,0,0,1,1
317,2,0,24.0,1,0,26.0,2,0,1,0,0,None,0,13.0,0,1,0,35,2,3,2,0,1,0,0,1,0,0,0,0,0,0,0,0,1,1
318,2,1,54.0,0,0,14.0,1,1,0,0,0,None,0,14.0,0,1,0,20,3,2,2,0,1,0,0,0,1,0,0,0,0,0,0,0,1,0
319,1,0,31.0,0,2,164.8667,3,0,1,0,1,None,0,54.95556666666667,0,1,0,24,2,4,3,0,1,1,0,0,0,0,1,0,0,0,0,0,0,1
320,1,0,40.0,1,1,134.5,3,0,1,0,1,None,0,44.833333333333336,0,1,0,56,3,4,3,0,0,0,0,1,0,0,0,0,1,0,0,0,0,1
321,3,1,22.0,0,0,7.25,1,1,0,0,0,A,1,7.25,0,1,0,18,2,0,0,0,1,0,1,0,0,0,0,0,0,0,0,0,1,0
322,3,1,27.0,0,0,7.8958,1,1,0,0,0,None,0,7.8958,0,1,0,16,2,1,1,0,1,0,1,0,0,0,0,0,0,0,0,0,1,0
323,2,0,30.0,0,0,12.35,1,1,0,0,0,None,0,12.35,0,1,0,25,2,2,2,1,0,1,0,0,0,0,0,0,0,0,0,0,1,1
324,2,0,22.0,1,1,29.0,3,0,1,0,0,None,0,9.666666666666666,0,1,0,51,2,3,2,0,1,0,0,1,0,0,0,0,0,0,0,0,1,1
325,3,1,25.0,8,2,69.55,11,0,0,1,0,CA,1,6.322727272727272,0,1,0,24,2,4,0,0,1,0,1,0,0,0,0,0,0,0,0,0,1,0
326,1,0,36.0,0,0,135.6333,1,1,0,0,1,PC,1,135.6333,0,1,0,24,3,4,3,0,0,1,0,0,0,0,1,0,0,0,0,0,0,1
327,3,1,61.0,0,0,6.2375,1,1,0,0,0,None,0,6.2375,0,0,1,25,4,0,0,0,1,0,1,0,0,0,0,0,0,0,0,0,1,0
328,2,0,36.0,0,0,13.0,1,1,0,0,1,None,0,13.0,0,1,0,23,3,2,2,0,1,0,0,1,0,0,0,1,0,0,0,0,0,1
329,3,0,31.0,1,1,20.525,3,0,1,0,0,None,0,6.841666666666666,0,1,0,46,2,2,0,0,1,0,0,1,0,0,0,0,0,0,0,0,1,1
330,1,0,16.0,0,1,57.9792,2,0,1,0,1,None,0,28.9896,0,1,0,28,1,4,3,0,0,1,0,0,0,1,0,0,0,0,0,0,0,1
331,3,0,22.0,2,0,23.25,3,0,1,0,0,None,0,7.75,0,1,0,18,2,3,1,1,0,1,0,0,0,0,0,0,0,0,0,0,1,1
332,1,1,45.5,0,0,28.5,1,1,0,0,1,None,0,28.5,0,1,0,19,3,3,3,0,1,0,1,0,0,0,1,0,0,0,0,0,0,0
333,1,1,38.0,0,1,153.4625,2,0,1,0,1,PC,1,76.73125,0,1,0,25,3,4,3,0,1,0,1,0,0,0,1,0,0,0,0,0,0,0
334,3,1,16.0,2,0,18.0,3,0,1,0,0,None,0,6.0,0,1,0,31,1,2,0,0,1,0,1,0,0,0,0,0,0,0,0,0,1,0
335,1,0,36.0,1,0,133.65,2,0,1,0,0,PC,1,66.825,0,1,0,50,3,4,3,0,1,0,0,1,0,0,0,0,0,0,0,0,1,1
336,3,1,25.0,0,0,7.8958,1,1,0,0,0,None,0,7.8958,0,1,0,18,2,1,1,0,1,0,1,0,0,0,0,0,0,0,0,0,1,0
337,1,1,29.0,1,0,66.6,2,0,1,0,1,None,0,33.3,0,1,0,25,2,4,3,0,1,0,1,0,0,0,1,0,0,0,0,0,0,0
338,1,0,41.0,0,0,134.5,1,1,0,0,1,None,0,134.5,0,1,0,31,3,4,3,0,0,1,0,0,0,0,0,0,1,0,0,0,0,1
339,3,1,45.0,0,0,8.05,1,1,0,0,0,None,0,8.05,0,1,0,21,3,1,1,0,1,0,1,0,0,0,0,0,0,0,0,0,1,1
340,1,1,45.0,0,0,35.5,1,1,0,0,1,None,0,35.5,0,1,0,28,3,3,3,0,1,0,1,0,0,0,0,0,0,0,0,1,0,0
341,2,1,2.0,1,1,26.0,3,0,1,0,1,None,0,8.666666666666666,1,0,0,30,0,3,2,0,1,0,0,0,0,0,0,0,0,1,0,0,0,1
342,1,0,24.0,3,2,263.0,6,0,0,1,1,None,0,43.833333333333336,0,1,0,30,2,4,3,0,1,1,0,0,0,0,1,0,0,0,0,0,0,1
343,2,1,28.0,0,0,13.0,1,1,0,0,0,None,0,13.0,0,1,0,26,2,2,2,0,1,0,1,0,0,0,0,0,0,0,0,0,1,0
344,2,1,25.0,0,0,13.0,1,1,0,0,0,None,0,13.0,0,1,0,42,2,2,2,0,1,0,1,0,0,0,0,0,0,0,0,0,1,0
345,2,1,36.0,0,0,13.0,1,1,0,0,0,None,0,13.0,0,1,0,23,3,2,2,0,1,0,1,0,0,0,0,0,0,0,0,0,1,0
346,2,0,24.0,0,0,13.0,1,1,0,0,1,None,0,13.0,0,1,0,29,2,2,2,0,1,1,0,0,0,0,0,0,0,1,0,0,0,1
347,2,0,40.0,0,0,13.0,1,1,0,0,0,None,0,13.0,0,1,0,25,3,2,2,0,1,1,0,0,0,0,0,0,0,0,0,0,1,1
348,3,0,22.0,1,0,16.1,2,0,1,0,0,None,0,8.05,0,1,0,41,2,2,1,0,1,0,0,1,0,0,0,0,0,0,0,0,1,1
349,3,1,3.0,1,1,15.9,3,0,1,0,0,C,1,5.3,1,0,0,38,0,2,0,0,1,0,0,0,0,0,0,0,0,0,0,0,1,1
350,3,1,42.0,0,0,8.6625,1,1,0,0,0,None,0,8.6625,0,1,0,16,3,1,2,0,1,0,1,0,0,0,0,0,0,0,0,0,1,0
351,3,1,23.0,0,0,9.225,1,1,0,0,0,None,0,9.225,0,1,0,22,2,1,2,0,1,0,1,0,0,0,0,0,0,0,0,0,1,0
352,1,1,42.0,0,0,35.0,1,1,0,0,1,None,0,35.0,0,1,0,38,3,3,3,0,1,0,1,0,0,0,1,0,0,0,0,0,0,0
353,3,1,15.0,1,1,7.2292,3,0,1,0,0,None,0,2.409733333333333,1,0,0,18,1,0,0,0,0,0,1,0,0,0,0,0,0,0,0,0,1,0
354,3,1,25.0,1,0,17.8,2,0,1,0,0,None,0,8.9,0,1,0,25,2,2,2,0,1,0,1,0,0,0,0,0,0,0,0,0,1,0
355,3,1,25.0,0,0,7.225,1,1,0,0,0,None,0,7.225,0,1,0,17,2,0,0,0,0,0,1,0,0,0,0,0,0,0,0,0,1,0
356,3,1,28.0,0,0,9.5,1,1,0,0,0,None,0,9.5,0,1,0,27,2,1,2,0,1,0,1,0,0,0,0,0,0,0,0,0,1,0
357,1,0,22.0,0,1,55.0,2,0,1,0,1,None,0,27.5,0,1,0,27,2,4,3,0,1,1,0,0,0,0,0,0,1,0,0,0,0,1
358,2,0,38.0,0,0,13.0,1,1,0,0,0,None,0,13.0,0,1,0,25,3,2,2,0,1,1,0,0,0,0,0,0,0,0,0,0,1,0
359,3,0,22.0,0,0,7.8792,1,1,0,0,0,None,0,7.8792,0,1,0,20,2,1,1,1,0,1,0,0,0,0,0,0,0,0,0,0,1,1
360,3,0,22.0,0,0,7.8792,1,1,0,0,0,None,0,7.8792,0,1,0,33,2,1,1,1,0,1,0,0,0,0,0,0,0,0,0,0,1,1
361,3,1,40.0,1,4,27.9,6,0,0,1,0,None,0,4.6499999999999995,0,1,0,18,3,3,0,0,1,0,1,0,0,0,0,0,0,0,0,0,1,0
362,2,1,29.0,1,0,27.7208,2,0,1,0,0,SC,1,13.8604,0,1,0,25,2,3,2,0,0,0,1,0,0,0,0,0,0,0,0,0,1,0
363,3,0,45.0,0,1,14.4542,2,0,1,0,0,None,0,7.2271,0,1,0,31,3,2,0,0,0,0,0,1,0,0,0,0,0,0,0,0,1,0
364,3,1,35.0,0,0,7.05,1,1,0,0,0,SOTON,1,7.05,0,1,0,15,2,0,0,0,1,0,1,0,0,0,0,0,0,0,0,0,1,0
365,3,1,25.0,1,0,15.5,2,0,1,0,0,None,0,7.75,0,1,0,19,2,2,1,1,0,0,1,0,0,0,0,0,0,0,0,0,1,0
366,3,1,30.0,0,0,7.25,1,1,0,0,0,C,1,7.25,0,1,0,30,2,0,0,0,1,0,1,0,0,0,0,0,0,0,0,0,1,0
367,1,0,60.0,1,0,75.25,2,0,1,0,1,None,0,37.625,0,0,1,48,3,4,3,0,0,0,0,1,0,0,0,1,0,0,0,0,0,1
368,3,0,22.0,0,0,7.2292,1,1,0,0,0,None,0,7.2292,0,1,0,30,2,0,0,0,0,0,0,1,0,0,0,0,0,0,0,0,1,1
369,3,0,22.0,0,0,7.75,1,1,0,0,0,None,0,7.75,0,1,0,19,2,0,1,1,0,1,0,0,0,0,0,0,0,0,0,0,1,1
370,1,0,24.0,0,0,69.3,1,1,0,0,1,PC,1,69.3,0,1,0,29,2,4,3,0,0,0,0,1,0,1,0,0,0,0,0,0,0,1
371,1,1,25.0,1,0,55.4417,2,0,1,0,1,None,0,27.72085,0,1,0,27,2,4,3,0,0,0,1,0,0,0,0,0,1,0,0,0,0,1
372,3,1,18.0,1,0,6.4958,2,0,1,0,0,None,0,3.2479,0,1,0,25,1,0,0,0,1,0,1,0,0,0,0,0,0,0,0,0,1,0
373,3,1,19.0,0,0,8.05,1,1,0,0,0,None,0,8.05,0,1,0,26,2,1,1,0,1,0,1,0,0,0,0,0,0,0,0,0,1,0
374,1,1,22.0,0,0,135.6333,1,1,0,0,0,PC,1,135.6333,0,1,0,19,2,4,3,0,0,0,1,0,0,0,0,0,0,0,0,0,1,0
375,3,0,3.0,3,1,21.075,5,0,0,1,0,None,0,4.215,1,0,0,26,0,2,0,0,1,1,0,0,0,0,0,0,0,0,0,0,1,0
376,1,0,36.0,1,0,82.1708,2,0,1,0,0,PC,1,41.0854,0,1,0,37,3,4,3,0,0,0,0,1,0,0,0,0,0,0,0,0,1,1
377,3,0,22.0,0,0,7.25,1,1,0,0,0,C,1,7.25,0,1,0,31,2,0,0,0,1,1,0,0,0,0,0,0,0,0,0,0,1,1
378,1,1,27.0,0,2,211.5,3,0,1,0,1,None,0,70.5,0,1,0,25,2,4,3,0,0,0,1,0,0,0,1,0,0,0,0,0,0,0
379,3,1,20.0,0,0,4.0125,1,1,0,0,0,None,0,4.0125,0,1,0,19,2,0,0,0,0,0,1,0,0,0,0,0,0,0,0,0,1,0
380,3,1,19.0,0,0,7.775,1,1,0,0,0,None,0,7.775,0,1,0,27,2,0,1,0,1,0,1,0,0,0,0,0,0,0,0,0,1,0
381,1,0,42.0,0,0,227.525,1,1,0,0,0,PC,1,227.525,0,1,0,21,3,4,3,0,0,1,0,0,0,0,0,0,0,0,0,0,1,1
382,3,0,1.0,0,2,15.7417,3,0,1,0,0,None,0,5.247233333333333,1,0,0,27,0,2,0,0,0,1,0,0,0,0,0,0,0,0,0,0,1,1
383,3,1,32.0,0,0,7.925,1,1,0,0,0,STON,1,7.925,0,1,0,18,2,1,1,0,1,0,1,0,0,0,0,0,0,0,0,0,1,0
384,1,0,35.0,1,0,52.0,2,0,1,0,0,None,0,26.0,0,1,0,51,2,4,3,0,1,0,0,1,0,0,0,0,0,0,0,0,1,1
385,3,1,25.0,0,0,7.8958,1,1,0,0,0,None,0,7.8958,0,1,0,22,2,1,1,0,1,0,1,0,0,0,0,0,0,0,0,0,1,0
386,2,1,18.0,0,0,73.5,1,1,0,0,0,S,1,73.5,0,1,0,25,1,4,3,0,1,0,1,0,0,0,0,0,0,0,0,0,1,0
387,3,1,1.0,5,2,46.9,8,0,0,1,0,CA,1,5.8625,1,0,0,31,0,4,0,0,1,0,0,0,0,0,0,0,0,0,0,0,1,0
388,2,0,36.0,0,0,13.0,1,1,0,0,0,None,0,13.0,0,1,0,16,3,2,2,0,1,1,0,0,0,0,0,0,0,0,0,0,1,1
389,3,1,25.0,0,0,7.7292,1,1,0,0,0,None,0,7.7292,0,1,0,20,2,0,1,1,0,0,1,0,0,0,0,0,0,0,0,0,1,0
390,2,0,17.0,0,0,12.0,1,1,0,0,0,SC,1,12.0,0,1,0,21,1,2,2,0,0,1,0,0,0,0,0,0,0,0,0,0,1,1
391,1,1,36.0,1,2,120.0,4,0,1,0,1,None,0,30.0,0,1,0,26,3,4,3,0,1,0,1,0,0,1,0,0,0,0,0,0,0,1
392,3,1,21.0,0,0,7.7958,1,1,0,0,0,None,0,7.7958,0,1,0,22,2,0,1,0,1,0,1,0,0,0,0,0,0,0,0,0,1,1
393,3,1,28.0,2,0,7.925,3,0,1,0,0,None,0,2.6416666666666666,0,1,0,28,2,1,0,0,1,0,1,0,0,0,0,0,0,0,0,0,1,0
394,1,0,23.0,1,0,113.275,2,0,1,0,1,None,0,56.6375,0,1,0,22,2,4,3,0,0,1,0,0,0,0,0,1,0,0,0,0,0,1
395,3,0,24.0,0,2,16.7,3,0,1,0,1,PP,1,5.566666666666666,0,1,0,51,2,2,0,0,1,0,0,1,0,0,0,0,0,0,1,0,0,1
396,3,1,22.0,0,0,7.7958,1,1,0,0,0,None,0,7.7958,0,1,0,19,2,0,1,0,1,0,1,0,0,0,0,0,0,0,0,0,1,0
397,3,0,31.0,0,0,7.8542,1,1,0,0,0,None,0,7.8542,0,1,0,19,2,0,1,0,1,1,0,0,0,0,0,0,0,0,0,0,1,0
398,2,1,46.0,0,0,26.0,1,1,0,0,0,None,0,26.0,0,1,0,23,3,3,3,0,1,0,1,0,0,0,0,0,0,0,0,0,1,0
399,2,1,23.0,0,0,10.5,1,1,0,0,0,None,0,10.5,0,1,0,16,2,1,2,0,1,0,0,0,1,0,0,0,0,0,0,0,1,0
400,2,0,28.0,0,0,12.65,1,1,0,0,0,None,0,12.65,0,1,0,32,2,2,2,0,1,0,0,1,0,0,0,0,0,0,0,0,1,1
401,3,1,39.0,0,0,7.925,1,1,0,0,0,STON,1,7.925,0,1,0,18,3,1,1,0,1,0,1,0,0,0,0,0,0,0,0,0,1,1
402,3,1,26.0,0,0,8.05,1,1,0,0,0,None,0,8.05,0,1,0,15,2,1,1,0,1,0,1,0,0,0,0,0,0,0,0,0,1,0
403,3,0,21.0,1,0,9.825,2,0,1,0,0,None,0,4.9125,0,1,0,24,2,1,0,0,1,1,0,0,0,0,0,0,0,0,0,0,1,0
404,3,1,28.0,1,0,15.85,2,0,1,0,0,STON,1,7.925,0,1,0,30,2,2,1,0,1,0,1,0,0,0,0,0,0,0,0,0,1,0
405,3,0,20.0,0,0,8.6625,1,1,0,0,0,None,0,8.6625,0,1,0,23,2,1,2,0,1,1,0,0,0,0,0,0,0,0,0,0,1,0
406,2,1,34.0,1,0,21.0,2,0,1,0,0,None,0,10.5,0,1,0,18,2,2,2,0,1,0,1,0,0,0,0,0,0,0,0,0,1,0
407,3,1,51.0,0,0,7.75,1,1,0,0,0,None,0,7.75,0,1,0,32,3,0,1,0,1,0,1,0,0,0,0,0,0,0,0,0,1,0
408,2,1,3.0,1,1,18.75,3,0,1,0,0,None,0,6.25,1,0,0,30,0,2,0,0,1,0,0,0,0,0,0,0,0,0,0,0,1,1
409,3,1,21.0,0,0,7.775,1,1,0,0,0,None,0,7.775,0,1,0,33,2,0,1,0,1,0,1,0,0,0,0,0,0,0,0,0,1,0
410,3,0,22.0,3,1,25.4667,5,0,0,1,0,None,0,5.0933399999999995,0,1,0,18,2,3,0,0,1,1,0,0,0,0,0,0,0,0,0,0,1,0
411,3,1,25.0,0,0,7.8958,1,1,0,0,0,None,0,7.8958,0,1,0,18,2,1,1,0,1,0,1,0,0,0,0,0,0,0,0,0,1,0
412,3,1,25.0,0,0,6.8583,1,1,0,0,0,None,0,6.8583,0,1,0,15,2,0,0,1,0,0,1,0,0,0,0,0,0,0,0,0,1,0
413,1,0,33.0,1,0,90.0,2,0,1,0,1,None,0,45.0,0,1,0,22,2,4,3,1,0,1,0,0,0,0,1,0,0,0,0,0,0,1
414,2,1,29.5,0,0,0.0,1,1,0,0,0,None,0,0.0,0,1,0,30,2,0,0,0,1,0,1,0,0,0,0,0,0,0,0,0,1,0
415,3,1,44.0,0,0,7.925,1,1,0,0,0,STON,1,7.925,0,1,0,25,3,1,1,0,1,0,1,0,0,0,0,0,0,0,0,0,1,1
416,3,0,22.0,0,0,8.05,1,1,0,0,0,None,0,8.05,0,1,0,39,2,1,1,0,1,0,0,1,0,0,0,0,0,0,0,0,1,0
417,2,0,34.0,1,1,32.5,3,0,1,0,0,None,0,10.833333333333334,0,1,0,47,2,3,2,0,1,0,0,1,0,0,0,0,0,0,0,0,1,1
418,2,0,18.0,0,2,13.0,3,0,1,0,0,None,0,4.333333333333333,0,1,0,29,1,2,0,0,1,1,0,0,0,0,0,0,0,0,0,0,1,1
419,2,1,30.0,0,0,13.0,1,1,0,0,0,None,0,13.0,0,1,0,26,2,2,2,0,1,0,1,0,0,0,0,0,0,0,0,0,1,0
420,3,0,10.0,0,2,24.15,3,0,1,0,0,None,0,8.049999999999999,1,0,0,25,0,3,1,0,1,1,0,0,0,0,0,0,0,0,0,0,1,0
421,3,1,25.0,0,0,7.8958,1,1,0,0,0,None,0,7.8958,0,1,0,22,2,1,1,0,0,0,1,0,0,0,0,0,0,0,0,0,1,0
422,3,1,21.0,0,0,7.7333,1,1,0,0,0,A,1,7.7333,0,1,0,19,2,0,1,1,0,0,1,0,0,0,0,0,0,0,0,0,1,0
423,3,1,29.0,0,0,7.875,1,1,0,0,0,None,0,7.875,0,1,0,18,2,1,1,0,1,0,1,0,0,0,0,0,0,0,0,0,1,0
424,3,0,28.0,1,1,14.4,3,0,1,0,0,None,0,4.8,0,1,0,54,2,2,0,0,1,0,0,1,0,0,0,0,0,0,0,0,1,0
425,3,1,18.0,1,1,20.2125,3,0,1,0,0,None,0,6.7375,0,1,0,27,1,2,0,0,1,0,1,0,0,0,0,0,0,0,0,0,1,0
426,3,1,25.0,0,0,7.25,1,1,0,0,0,A,1,7.25,0,1,0,22,2,0,0,0,1,0,1,0,0,0,0,0,0,0,0,0,1,0
427,2,0,28.0,1,0,26.0,2,0,1,0,0,None,0,13.0,0,1,0,43,2,3,2,0,1,0,0,1,0,0,0,0,0,0,0,0,1,1
428,2,0,19.0,0,0,26.0,1,1,0,0,0,None,0,26.0,0,1,0,67,2,3,3,0,1,1,0,0,0,0,0,0,0,0,0,0,1,1
429,3,1,25.0,0,0,7.75,1,1,0,0,0,None,0,7.75,0,1,0,16,2,0,1,1,0,0,1,0,0,0,0,0,0,0,0,0,1,0
430,3,1,32.0,0,0,8.05,1,1,0,0,1,SOTON,1,8.05,0,1,0,34,2,1,1,0,1,0,1,0,0,0,0,0,1,0,0,0,0,1
431,1,1,28.0,0,0,26.55,1,1,0,0,1,None,0,26.55,0,1,0,41,2,3,3,0,1,0,1,0,0,0,1,0,0,0,0,0,0,1
432,3,0,22.0,1,0,16.1,2,0,1,0,0,None,0,8.05,0,1,0,49,2,2,1,0,1,0,0,1,0,0,0,0,0,0,0,0,1,1
433,2,0,42.0,1,0,26.0,2,0,1,0,0,SC,1,13.0,0,1,0,51,3,3,2,0,1,0,0,1,0,0,0,0,0,0,0,0,1,1
434,3,1,17.0,0,0,7.125,1,1,0,0,0,STON,1,7.125,0,1,0,26,1,0,0,0,1,0,1,0,0,0,0,0,0,0,0,0,1,0
435,1,1,50.0,1,0,55.9,2,0,1,0,1,None,0,27.95,0,1,0,25,3,4,3,0,1,0,1,0,0,0,0,0,1,0,0,0,0,0
436,1,0,14.0,1,2,120.0,4,0,1,0,1,None,0,30.0,1,0,0,25,1,4,3,0,1,1,0,0,0,1,0,0,0,0,0,0,0,1
437,3,0,21.0,2,2,34.375,5,0,0,1,0,W,1,6.875,0,1,0,36,2,3,0,0,1,1,0,0,0,0,0,0,0,0,0,0,1,0
438,2,0,24.0,2,3,18.75,6,0,0,1,0,None,0,3.125,0,1,0,37,2,2,0,0,1,0,0,1,0,0,0,0,0,0,0,0,1,1
439,1,1,64.0,1,4,263.0,6,0,0,1,1,None,0,43.833333333333336,0,0,1,17,4,4,3,0,1,0,1,0,0,0,1,0,0,0,0,0,0,0
440,2,1,31.0,0,0,10.5,1,1,0,0,0,C,1,10.5,0,1,0,38,2,1,2,0,1,0,1,0,0,0,0,0,0,0,0,0,1,0
441,2,0,45.0,1,1,26.25,3,0,1,0,0,F,1,8.75,0,1,0,43,3,3,2,0,1,0,0,1,0,0,0,0,0,0,0,0,1,1
442,3,1,20.0,0,0,9.5,1,1,0,0,0,None,0,9.5,0,1,0,15,2,1,2,0,1,0,1,0,0,0,0,0,0,0,0,0,1,0
443,3,1,25.0,1,0,7.775,2,0,1,0,0,None,0,3.8875,0,1,0,25,2,0,0,0,1,0,1,0,0,0,0,0,0,0,0,0,1,0
444,2,0,28.0,0,0,13.0,1,1,0,0,0,None,0,13.0,0,1,0,25,2,2,2,0,1,0,0,1,0,0,0,0,0,0,0,0,1,1
445,3,1,25.0,0,0,8.1125,1,1,0,0,0,None,0,8.1125,0,1,0,33,2,1,1,0,1,0,1,0,0,0,0,0,0,0,0,0,1,1
446,1,1,4.0,0,2,81.8583,3,0,1,0,1,None,0,27.2861,1,0,0,25,0,4,3,0,1,0,0,0,0,0,0,0,0,0,0,0,0,1
447,2,0,13.0,0,1,19.5,2,0,1,0,0,None,0,9.75,1,0,0,33,1,2,2,0,1,1,0,0,0,0,0,0,0,0,0,0,1,1
448,1,1,34.0,0,0,26.55,1,1,0,0,0,None,0,26.55,0,1,0,27,2,3,3,0,1,0,1,0,0,0,0,0,0,0,0,0,1,1
449,3,0,5.0,2,1,19.2583,4,0,1,0,0,None,0,4.814575,1,0,0,30,0,2,0,0,0,1,0,0,0,0,0,0,0,0,0,0,1,1
450,1,1,52.0,0,0,30.5,1,1,0,0,1,None,0,30.5,0,1,0,30,3,3,3,0,1,0,0,0,1,0,1,0,0,0,0,0,0,1
451,2,1,36.0,1,2,27.75,4,0,1,0,0,C,1,6.9375,0,1,0,21,3,3,0,0,1,0,1,0,0,0,0,0,0,0,0,0,1,0
452,3,1,25.0,1,0,19.9667,2,0,1,0,0,None,0,9.98335,0,1,0,31,2,2,2,0,1,0,1,0,0,0,0,0,0,0,0,0,1,0
453,1,1,30.0,0,0,27.75,1,1,0,0,1,None,0,27.75,0,1,0,31,2,3,3,0,0,0,1,0,0,0,1,0,0,0,0,0,0,0
454,1,1,49.0,1,0,89.1042,2,0,1,0,1,None,0,44.5521,0,1,0,24,3,4,3,0,0,0,1,0,0,0,1,0,0,0,0,0,0,1
455,3,1,25.0,0,0,8.05,1,1,0,0,0,A,1,8.05,0,1,0,19,2,1,1,0,1,0,1,0,0,0,0,0,0,0,0,0,1,0
456,3,1,29.0,0,0,7.8958,1,1,0,0,0,None,0,7.8958,0,1,0,18,2,1,1,0,0,0,1,0,0,0,0,0,0,0,0,0,1,1
457,1,1,65.0,0,0,26.55,1,1,0,0,1,None,0,26.55,0,0,1,25,4,3,3,0,1,0,1,0,0,0,0,0,1,0,0,0,0,0
458,1,0,36.0,1,0,51.8625,2,0,1,0,1,None,0,25.93125,0,1,0,33,3,4,3,0,1,0,0,1,0,0,0,1,0,0,0,0,0,1
459,2,0,50.0,0,0,10.5,1,1,0,0,0,F,1,10.5,0,1,0,19,3,1,2,0,1,1,0,0,0,0,0,0,0,0,0,0,1,1
460,3,1,25.0,0,0,7.75,1,1,0,0,0,None,0,7.75,0,1,0,21,2,0,1,1,0,0,1,0,0,0,0,0,0,0,0,0,1,0
461,1,1,48.0,0,0,26.55,1,1,0,0,1,None,0,26.55,0,1,0,19,3,3,3,0,1,0,1,0,0,0,0,0,1,0,0,0,0,1
462,3,1,34.0,0,0,8.05,1,1,0,0,0,None,0,8.05,0,1,0,19,2,1,1,0,1,0,1,0,0,0,0,0,0,0,0,0,1,0
463,1,1,47.0,0,0,38.5,1,1,0,0,1,None,0,38.5,0,1,0,17,3,3,3,0,1,0,1,0,0,0,0,0,1,0,0,0,0,0
464,2,1,48.0,0,0,13.0,1,1,0,0,0,None,0,13.0,0,1,0,28,3,2,2,0,1,0,1,0,0,0,0,0,0,0,0,0,1,0
465,3,1,25.0,0,0,8.05,1,1,0,0,0,A,1,8.05,0,1,0,18,2,1,1,0,1,0,1,0,0,0,0,0,0,0,0,0,1,0
466,3,1,38.0,0,0,7.05,1,1,0,0,0,SOTON,1,7.05,0,1,0,31,3,0,0,0,1,0,1,0,0,0,0,0,0,0,0,0,1,0
467,2,1,29.5,0,0,0.0,1,1,0,0,0,None,0,0.0,0,1,0,21,2,0,0,0,1,0,1,0,0,0,0,0,0,0,0,0,1,0
468,1,1,56.0,0,0,26.55,1,1,0,0,0,None,0,26.55,0,1,0,26,3,3,3,0,1,0,1,0,0,0,0,0,0,0,0,0,1,0
469,3,1,25.0,0,0,7.725,1,1,0,0,0,None,0,7.725,0,1,0,18,2,0,1,1,0,0,1,0,0,0,0,0,0,0,0,0,1,0
470,3,0,0.75,2,1,19.2583,4,0,1,0,0,None,0,4.814575,1,0,0,29,0,2,0,0,0,1,0,0,0,0,0,0,0,0,0,0,1,1
471,3,1,25.0,0,0,7.25,1,1,0,0,0,None,0,7.25,0,1,0,17,2,0,0,0,1,0,1,0,0,0,0,0,0,0,0,0,1,0
472,3,1,38.0,0,0,8.6625,1,1,0,0,0,None,0,8.6625,0,1,0,15,3,1,2,0,1,0,1,0,0,0,0,0,0,0,0,0,1,0
473,2,0,33.0,1,2,27.75,4,0,1,0,0,C,1,6.9375,0,1,0,39,2,3,0,0,1,0,0,1,0,0,0,0,0,0,0,0,1,1
474,2,0,23.0,0,0,13.7917,1,1,0,0,1,SC,1,13.7917,0,1,0,44,2,2,2,0,0,0,0,1,0,0,0,1,0,0,0,0,0,1
475,3,0,22.0,0,0,9.8375,1,1,0,0,0,None,0,9.8375,0,1,0,27,2,1,2,0,1,1,0,0,0,0,0,0,0,0,0,0,1,0
476,1,1,42.0,0,0,52.0,1,1,0,0,1,None,0,52.0,0,1,0,27,3,4,3,0,1,0,1,0,0,0,0,0,0,0,0,0,0,0
477,2,1,34.0,1,0,21.0,2,0,1,0,0,None,0,10.5,0,1,0,23,2,2,2,0,1,0,1,0,0,0,0,0,0,0,0,0,1,0
478,3,1,29.0,1,0,7.0458,2,0,1,0,0,None,0,3.5229,0,1,0,25,2,0,0,0,1,0,1,0,0,0,0,0,0,0,0,0,1,0
479,3,1,22.0,0,0,7.5208,1,1,0,0,0,None,0,7.5208,0,1,0,25,2,0,1,0,1,0,1,0,0,0,0,0,0,0,0,0,1,0
480,3,0,2.0,0,1,12.2875,2,0,1,0,0,None,0,6.14375,1,0,0,24,0,2,0,0,1,1,0,0,0,0,0,0,0,0,0,0,1,1
481,3,1,9.0,5,2,46.9,8,0,0,1,0,CA,1,5.8625,1,0,0,30,0,4,0,0,1,0,0,0,0,0,0,0,0,0,0,0,1,0
482,2,1,29.5,0,0,0.0,1,1,0,0,0,None,0,0.0,0,1,0,32,2,0,0,0,1,0,1,0,0,0,0,0,0,0,0,0,1,0
483,3,1,50.0,0,0,8.05,1,1,0,0,0,A,1,8.05,0,1,0,24,3,1,1,0,1,0,1,0,0,0,0,0,0,0,0,0,1,0
484,3,0,63.0,0,0,9.5875,1,1,0,0,0,None,0,9.5875,0,0,1,22,4,1,2,0,1,0,0,1,0,0,0,0,0,0,0,0,1,1
485,1,1,25.0,1,0,91.0792,2,0,1,0,1,None,0,45.5396,0,1,0,23,2,4,3,0,0,0,1,0,0,1,0,0,0,0,0,0,0,1
486,3,0,22.0,3,1,25.4667,5,0,0,1,0,None,0,5.0933399999999995,0,1,0,22,2,3,0,0,1,1,0,0,0,0,0,0,0,0,0,0,1,0
487,1,0,35.0,1,0,90.0,2,0,1,0,1,None,0,45.0,0,1,0,47,2,4,3,0,1,0,0,1,0,0,1,0,0,0,0,0,0,1
488,1,1,58.0,0,0,29.7,1,1,0,0,1,None,0,29.7,0,1,0,23,3,3,3,0,0,0,1,0,0,1,0,0,0,0,0,0,0,0
489,3,1,30.0,0,0,8.05,1,1,0,0,0,A,1,8.05,0,1,0,29,2,1,1,0,1,0,1,0,0,0,0,0,0,0,0,0,1,0
490,3,1,9.0,1,1,15.9,3,0,1,0,0,C,1,5.3,1,0,0,37,0,2,0,0,1,0,0,0,0,0,0,0,0,0,0,0,1,1
491,3,1,25.0,1,0,19.9667,2,0,1,0,0,None,0,9.98335,0,1,0,36,2,2,2,0,1,0,1,0,0,0,0,0,0,0,0,0,1,0
492,3,1,21.0,0,0,7.25,1,1,0,0,0,SOTON,1,7.25,0,1,0,19,2,0,0,0,1,0,1,0,0,0,0,0,0,0,0,0,1,0
493,1,1,55.0,0,0,30.5,1,1,0,0,1,None,0,30.5,0,1,0,26,3,3,3,0,1,0,1,0,0,0,1,0,0,0,0,0,0,0
494,1,1,71.0,0,0,49.5042,1,1,0,0,0,PC,1,49.5042,0,0,1,23,4,4,3,0,0,0,1,0,0,0,0,0,0,0,0,0,1,0
495,3,1,21.0,0,0,8.05,1,1,0,0,0,A,1,8.05,0,1,0,26,2,1,1,0,1,0,1,0,0,0,0,0,0,0,0,0,1,0
496,3,1,25.0,0,0,14.4583,1,1,0,0,0,None,0,14.4583,0,1,0,21,2,2,2,0,0,0,1,0,0,0,0,0,0,0,0,0,1,0
497,1,0,54.0,1,0,78.2667,2,0,1,0,1,None,0,39.13335,0,1,0,30,3,4,3,0,0,1,0,0,0,0,0,1,0,0,0,0,0,1
498,3,1,25.0,0,0,15.1,1,1,0,0,0,C,1,15.1,0,1,0,31,2,2,2,0,1,0,1,0,0,0,0,0,0,0,0,0,1,0
499,1,0,25.0,1,2,151.55,4,0,1,0,1,None,0,37.8875,0,1,0,47,2,4,3,0,1,0,0,1,0,0,1,0,0,0,0,0,0,0
500,3,1,24.0,0,0,7.7958,1,1,0,0,0,None,0,7.7958,0,1,0,18,2,0,1,0,1,0,1,0,0,0,0,0,0,0,0,0,1,0
501,3,1,17.0,0,0,8.6625,1,1,0,0,0,None,0,8.6625,0,1,0,16,1,1,2,0,1,0,1,0,0,0,0,0,0,0,0,0,1,0
502,3,0,21.0,0,0,7.75,1,1,0,0,0,None,0,7.75,0,1,0,19,2,0,1,1,0,1,0,0,0,0,0,0,0,0,0,0,1,0
503,3,0,22.0,0,0,7.6292,1,1,0,0,0,None,0,7.6292,0,1,0,30,2,0,1,1,0,1,0,0,0,0,0,0,0,0,0,0,1,0
504,3,0,37.0,0,0,9.5875,1,1,0,0,0,None,0,9.5875,0,1,0,30,3,1,2,0,1,1,0,0,0,0,0,0,0,0,0,0,1,0
505,1,0,16.0,0,0,86.5,1,1,0,0,1,None,0,86.5,0,1,0,21,1,4,3,0,1,1,0,0,0,1,0,0,0,0,0,0,0,1
506,1,1,18.0,1,0,108.9,2,0,1,0,1,PC,1,54.45,0,1,0,42,1,4,3,0,0,0,1,0,0,0,1,0,0,0,0,0,0,0
507,2,0,33.0,0,2,26.0,3,0,1,0,0,None,0,8.666666666666666,0,1,0,45,2,3,2,0,1,0,0,1,0,0,0,0,0,0,0,0,1,1
508,1,1,42.0,0,0,26.55,1,1,0,0,0,None,0,26.55,0,1,0,45,3,3,3,0,1,0,1,0,0,0,0,0,0,0,0,0,1,1
509,3,1,28.0,0,0,22.525,1,1,0,0,0,C,1,22.525,0,1,0,24,2,3,2,0,1,0,1,0,0,0,0,0,0,0,0,0,1,0
510,3,1,26.0,0,0,56.4958,1,1,0,0,0,None,0,56.4958,0,1,0,14,2,4,3,0,1,0,1,0,0,0,0,0,0,0,0,0,1,1
511,3,1,29.0,0,0,7.75,1,1,0,0,0,None,0,7.75,0,1,0,24,2,0,1,1,0,0,1,0,0,0,0,0,0,0,0,0,1,1
512,3,1,25.0,0,0,8.05,1,1,0,0,0,SOTON,1,8.05,0,1,0,17,2,1,1,0,1,0,1,0,0,0,0,0,0,0,0,0,1,0
513,1,1,36.0,0,0,26.2875,1,1,0,0,1,PC,1,26.2875,0,1,0,25,3,3,3,0,1,0,1,0,0,0,0,0,1,0,0,0,0,1
514,1,0,54.0,1,0,59.4,2,0,1,0,0,PC,1,29.7,0,1,0,46,3,4,3,0,0,0,0,1,0,0,0,0,0,0,0,0,1,1
515,3,1,24.0,0,0,7.4958,1,1,0,0,0,None,0,7.4958,0,1,0,17,2,0,1,0,1,0,1,0,0,0,0,0,0,0,0,0,1,0
516,1,1,47.0,0,0,34.0208,1,1,0,0,1,None,0,34.0208,0,1,0,28,3,3,3,0,1,0,1,0,0,0,0,1,0,0,0,0,0,0
517,2,0,34.0,0,0,10.5,1,1,0,0,1,C,1,10.5,0,1,0,28,2,1,2,0,1,0,0,1,0,0,0,0,0,1,0,0,0,1
518,3,1,25.0,0,0,24.15,1,1,0,0,0,None,0,24.15,0,1,0,17,2,3,2,1,0,0,1,0,0,0,0,0,0,0,0,0,1,0
519,2,0,36.0,1,0,26.0,2,0,1,0,0,None,0,13.0,0,1,0,52,3,3,2,0,1,0,0,1,0,0,0,0,0,0,0,0,1,1
520,3,1,32.0,0,0,7.8958,1,1,0,0,0,None,0,7.8958,0,1,0,19,2,1,1,0,1,0,1,0,0,0,0,0,0,0,0,0,1,0
521,1,0,30.0,0,0,93.5,1,1,0,0,1,None,0,93.5,0,1,0,21,2,4,3,0,1,1,0,0,0,1,0,0,0,0,0,0,0,1
522,3,1,22.0,0,0,7.8958,1,1,0,0,0,None,0,7.8958,0,1,0,15,2,1,1,0,1,0,1,0,0,0,0,0,0,0,0,0,1,0
523,3,1,25.0,0,0,7.225,1,1,0,0,0,None,0,7.225,0,1,0,18,2,0,0,0,0,0,1,0,0,0,0,0,0,0,0,0,1,0
524,1,0,44.0,0,1,57.9792,2,0,1,0,1,None,0,28.9896,0,1,0,47,3,4,3,0,0,0,0,1,0,1,0,0,0,0,0,0,0,1
525,3,1,25.0,0,0,7.2292,1,1,0,0,0,None,0,7.2292,0,1,0,17,2,0,0,0,0,0,1,0,0,0,0,0,0,0,0,0,1,0
526,3,1,40.5,0,0,7.75,1,1,0,0,0,None,0,7.75,0,1,0,18,3,0,1,1,0,0,1,0,0,0,0,0,0,0,0,0,1,0
527,2,0,50.0,0,0,10.5,1,1,0,0,0,W,1,10.5,0,1,0,20,3,1,2,0,1,1,0,0,0,0,0,0,0,0,0,0,1,1
528,1,1,42.0,0,0,221.7792,1,1,0,0,1,PC,1,221.7792,0,1,0,18,3,4,3,0,1,0,1,0,0,0,1,0,0,0,0,0,0,0
529,3,1,39.0,0,0,7.925,1,1,0,0,0,None,0,7.925,0,1,0,25,3,1,1,0,1,0,1,0,0,0,0,0,0,0,0,0,1,0
530,2,1,23.0,2,1,11.5,4,0,1,0,0,None,0,2.875,0,1,0,27,2,2,0,0,1,0,1,0,0,0,0,0,0,0,0,0,1,0
531,2,0,2.0,1,1,26.0,3,0,1,0,0,None,0,8.666666666666666,1,0,0,24,0,3,2,0,1,1,0,0,0,0,0,0,0,0,0,0,1,1
532,3,1,25.0,0,0,7.2292,1,1,0,0,0,None,0,7.2292,0,1,0,17,2,0,0,0,0,0,1,0,0,0,0,0,0,0,0,0,1,0
533,3,1,17.0,1,1,7.2292,3,0,1,0,0,None,0,2.409733333333333,0,1,0,20,1,0,0,0,0,0,1,0,0,0,0,0,0,0,0,0,1,0
534,3,0,22.0,0,2,22.3583,3,0,1,0,0,None,0,7.452766666666666,0,1,0,38,2,3,0,0,0,0,0,1,0,0,0,0,0,0,0,0,1,1
535,3,0,30.0,0,0,8.6625,1,1,0,0,0,None,0,8.6625,0,1,0,19,2,1,2,0,1,1,0,0,0,0,0,0,0,0,0,0,1,0
536,2,0,7.0,0,2,26.25,3,0,1,0,0,F,1,8.75,1,0,0,22,0,3,2,0,1,1,0,0,0,0,0,0,0,0,0,0,1,1
537,1,1,45.0,0,0,26.55,1,1,0,0,1,None,0,26.55,0,1,0,33,3,3,3,0,1,0,0,0,1,1,0,0,0,0,0,0,0,0
538,1,0,30.0,0,0,106.425,1,1,0,0,0,PC,1,106.425,0,1,0,19,2,4,3,0,0,1,0,0,0,0,0,0,0,0,0,0,1,1
539,3,1,25.0,0,0,14.5,1,1,0,0,0,None,0,14.5,0,1,0,24,2,2,2,0,1,0,1,0,0,0,0,0,0,0,0,0,1,0
540,1,0,22.0,0,2,49.5,3,0,1,0,1,None,0,16.5,0,1,0,34,2,4,2,0,0,1,0,0,0,1,0,0,0,0,0,0,0,1
541,1,0,36.0,0,2,71.0,3,0,1,0,1,WE,1,23.666666666666668,0,1,0,23,3,4,2,0,1,1,0,0,0,1,0,0,0,0,0,0,0,1
542,3,0,9.0,4,2,31.275,7,0,0,1,0,None,0,4.4678571428571425,1,0,0,36,0,3,0,0,1,1,0,0,0,0,0,0,0,0,0,0,1,0
543,3,0,11.0,4,2,31.275,7,0,0,1,0,None,0,4.4678571428571425,1,0,0,33,0,3,0,0,1,1,0,0,0,0,0,0,0,0,0,0,1,0
544,2,1,32.0,1,0,26.0,2,0,1,0,0,None,0,13.0,0,1,0,17,2,3,2,0,1,0,1,0,0,0,0,0,0,0,0,0,1,1
545,1,1,50.0,1,0,106.425,2,0,1,0,1,PC,1,53.2125,0,1,0,26,3,4,3,0,0,0,1,0,0,0,1,0,0,0,0,0,0,0
546,1,1,64.0,0,0,26.0,1,1,0,0,0,None,0,26.0,0,0,1,28,4,3,3,0,1,0,1,0,0,0,0,0,0,0,0,0,1,0
547,2,0,19.0,1,0,26.0,2,0,1,0,0,None,0,13.0,0,1,0,33,2,3,2,0,1,0,0,1,0,0,0,0,0,0,0,0,1,1
548,2,1,29.5,0,0,13.8625,1,1,0,0,0,SC,1,13.8625,0,1,0,26,2,2,2,0,0,0,1,0,0,0,0,0,0,0,0,0,1,1
549,3,1,33.0,1,1,20.525,3,0,1,0,0,None,0,6.841666666666666,0,1,0,25,2,2,0,0,1,0,1,0,0,0,0,0,0,0,0,0,1,0
550,2,1,8.0,1,1,36.75,3,0,1,0,0,C,1,12.25,1,0,0,30,0,3,2,0,1,0,0,0,0,0,0,0,0,0,0,0,1,1
551,1,1,17.0,0,2,110.8833,3,0,1,0,1,None,0,36.9611,0,1,0,27,1,4,3,0,0,0,1,0,0,0,1,0,0,0,0,0,0,1
552,2,1,27.0,0,0,26.0,1,1,0,0,0,None,0,26.0,0,1,0,27,2,3,3,0,1,0,1,0,0,0,0,0,0,0,0,0,1,0
553,3,1,25.0,0,0,7.8292,1,1,0,0,0,None,0,7.8292,0,1,0,20,2,0,1,1,0,0,1,0,0,0,0,0,0,0,0,0,1,0
554,3,1,22.0,0,0,7.225,1,1,0,0,0,None,0,7.225,0,1,0,33,2,0,0,0,0,0,1,0,0,0,0,0,0,0,0,0,1,1
555,3,0,22.0,0,0,7.775,1,1,0,0,0,None,0,7.775,0,1,0,18,2,0,1,0,1,1,0,0,0,0,0,0,0,0,0,0,1,1
556,1,1,62.0,0,0,26.55,1,1,0,0,0,None,0,26.55,0,0,1,18,4,3,3,0,1,0,1,0,0,0,0,0,0,0,0,0,1,0
557,1,0,48.0,1,0,39.6,2,0,1,0,1,None,0,19.8,0,1,0,65,3,3,2,0,0,0,0,0,1,0,0,0,0,0,0,0,0,1
558,1,1,42.0,0,0,227.525,1,1,0,0,0,PC,1,227.525,0,1,0,19,3,4,3,0,0,0,1,0,0,0,0,0,0,0,0,0,1,0
559,1,0,39.0,1,1,79.65,3,0,1,0,1,None,0,26.55,0,1,0,38,3,4,3,0,1,0,0,1,0,0,0,0,1,0,0,0,0,1
560,3,0,36.0,1,0,17.4,2,0,1,0,0,None,0,8.7,0,1,0,44,3,2,2,0,1,0,0,1,0,0,0,0,0,0,0,0,1,1
561,3,1,25.0,0,0,7.75,1,1,0,0,0,None,0,7.75,0,1,0,24,2,0,1,1,0,0,1,0,0,0,0,0,0,0,0,0,1,0
562,3,1,40.0,0,0,7.8958,1,1,0,0,0,None,0,7.8958,0,1,0,17,3,1,1,0,1,0,1,0,0,0,0,0,0,0,0,0,1,0
563,2,1,28.0,0,0,13.5,1,1,0,0,0,None,0,13.5,0,1,0,26,2,2,2,0,1,0,1,0,0,0,0,0,0,0,0,0,1,0
564,3,1,25.0,0,0,8.05,1,1,0,0,0,SOTON,1,8.05,0,1,0,17,2,1,1,0,1,0,1,0,0,0,0,0,0,0,0,0,1,0
565,3,0,22.0,0,0,8.05,1,1,0,0,0,SOTON,1,8.05,0,1,0,30,2,1,1,0,1,1,0,0,0,0,0,0,0,0,0,0,1,0
566,3,1,24.0,2,0,24.15,3,0,1,0,0,A,1,8.049999999999999,0,1,0,20,2,3,1,0,1,0,1,0,0,0,0,0,0,0,0,0,1,0
567,3,1,19.0,0,0,7.8958,1,1,0,0,0,None,0,7.8958,0,1,0,20,2,1,1,0,1,0,1,0,0,0,0,0,0,0,0,0,1,0
568,3,0,29.0,0,4,21.075,5,0,0,1,0,None,0,4.215,0,1,0,43,2,2,0,0,1,0,0,1,0,0,0,0,0,0,0,0,1,0
569,3,1,25.0,0,0,7.2292,1,1,0,0,0,None,0,7.2292,0,1,0,19,2,0,0,0,0,0,1,0,0,0,0,0,0,0,0,0,1,0
570,3,1,32.0,0,0,7.8542,1,1,0,0,0,None,0,7.8542,0,1,0,17,2,0,1,0,1,0,1,0,0,0,0,0,0,0,0,0,1,1
571,2,1,62.0,0,0,10.5,1,1,0,0,0,S,1,10.5,0,0,1,18,4,1,2,0,1,0,1,0,0,0,0,0,0,0,0,0,1,1
572,1,0,53.0,2,0,51.4792,3,0,1,0,1,None,0,17.15973333333333,0,1,0,45,3,4,2,0,1,0,0,1,0,0,1,0,0,0,0,0,0,1
573,1,1,36.0,0,0,26.3875,1,1,0,0,1,PC,1,26.3875,0,1,0,32,3,3,3,0,1,0,1,0,0,0,0,0,1,0,0,0,0,1
574,3,0,22.0,0,0,7.75,1,1,0,0,0,None,0,7.75,0,1,0,17,2,0,1,1,0,1,0,0,0,0,0,0,0,0,0,0,1,1
575,3,1,16.0,0,0,8.05,1,1,0,0,0,A,1,8.05,0,1,0,28,1,1,1,0,1,0,1,0,0,0,0,0,0,0,0,0,1,0
576,3,1,19.0,0,0,14.5,1,1,0,0,0,None,0,14.5,0,1,0,20,2,2,2,0,1,0,1,0,0,0,0,0,0,0,0,0,1,0
577,2,0,34.0,0,0,13.0,1,1,0,0,0,None,0,13.0,0,1,0,20,2,2,2,0,1,1,0,0,0,0,0,0,0,0,0,0,1,1
578,1,0,39.0,1,0,55.9,2,0,1,0,1,None,0,27.95,0,1,0,41,3,4,3,0,1,0,0,1,0,0,0,0,1,0,0,0,0,1
579,3,0,22.0,1,0,14.4583,2,0,1,0,0,None,0,7.22915,0,1,0,32,2,2,0,0,0,0,0,1,0,0,0,0,0,0,0,0,1,0
580,3,1,32.0,0,0,7.925,1,1,0,0,0,STON,1,7.925,0,1,0,19,2,1,1,0,1,0,1,0,0,0,0,0,0,0,0,0,1,1
581,2,0,25.0,1,1,30.0,3,0,1,0,0,None,0,10.0,0,1,0,27,2,3,2,0,1,1,0,0,0,0,0,0,0,0,0,0,1,1
582,1,0,39.0,1,1,110.8833,3,0,1,0,1,None,0,36.9611,0,1,0,52,3,4,3,0,0,0,0,1,0,0,1,0,0,0,0,0,0,1
583,2,1,54.0,0,0,26.0,1,1,0,0,0,None,0,26.0,0,1,0,26,3,3,3,0,1,0,1,0,0,0,0,0,0,0,0,0,1,0
584,1,1,36.0,0,0,40.125,1,1,0,0,1,None,0,40.125,0,1,0,19,3,3,3,0,0,0,1,0,0,0,0,0,0,0,0,0,0,0
585,3,1,25.0,0,0,8.7125,1,1,0,0,0,None,0,8.7125,0,1,0,19,2,1,2,0,0,0,1,0,0,0,0,0,0,0,0,0,1,0
586,1,0,18.0,0,2,79.65,3,0,1,0,1,None,0,26.55,0,1,0,19,1,4,3,0,1,1,0,0,0,0,0,0,1,0,0,0,0,1
587,2,1,47.0,0,0,15.0,1,1,0,0,0,None,0,15.0,0,1,0,23,3,2,2,0,1,0,1,0,0,0,0,0,0,0,0,0,1,0
588,1,1,60.0,1,1,79.2,3,0,1,0,1,None,0,26.400000000000002,0,0,1,32,3,4,3,0,0,0,1,0,0,1,0,0,0,0,0,0,0,1
589,3,1,22.0,0,0,8.05,1,1,0,0,0,None,0,8.05,0,1,0,21,2,1,1,0,1,0,1,0,0,0,0,0,0,0,0,0,1,0
590,3,1,25.0,0,0,8.05,1,1,0,0,0,A,1,8.05,0,1,0,19,2,1,1,0,1,0,1,0,0,0,0,0,0,0,0,0,1,0
591,3,1,35.0,0,0,7.125,1,1,0,0,0,STON,1,7.125,0,1,0,20,2,0,0,0,1,0,1,0,0,0,0,0,0,0,0,0,1,0
592,1,0,52.0,1,0,78.2667,2,0,1,0,1,None,0,39.13335,0,1,0,47,3,4,3,0,0,0,0,1,0,0,0,1,0,0,0,0,0,1
593,3,1,47.0,0,0,7.25,1,1,0,0,0,A,1,7.25,0,1,0,26,3,0,0,0,1,0,1,0,0,0,0,0,0,0,0,0,1,0
594,3,0,22.0,0,2,7.75,3,0,1,0,0,None,0,2.5833333333333335,0,1,0,18,2,0,0,1,0,1,0,0,0,0,0,0,0,0,0,0,1,0
595,2,1,37.0,1,0,26.0,2,0,1,0,0,SC,1,13.0,0,1,0,23,3,3,2,0,1,0,1,0,0,0,0,0,0,0,0,0,1,0
596,3,1,36.0,1,1,24.15,3,0,1,0,0,None,0,8.049999999999999,0,1,0,27,3,3,1,0,1,0,1,0,0,0,0,0,0,0,0,0,1,0
597,2,0,28.0,0,0,33.0,1,1,0,0,0,None,0,33.0,0,1,0,26,2,3,3,0,1,1,0,0,0,0,0,0,0,0,0,0,1,1
598,3,1,49.0,0,0,0.0,1,1,0,0,0,LINE,1,0.0,0,1,0,19,3,0,0,0,1,0,1,0,0,0,0,0,0,0,0,0,1,0
599,3,1,25.0,0,0,7.225,1,1,0,0,0,None,0,7.225,0,1,0,17,2,0,0,0,0,0,1,0,0,0,0,0,0,0,0,0,1,0
600,1,1,49.0,1,0,56.9292,2,0,1,0,1,PC,1,28.4646,0,1,0,44,3,4,3,0,0,0,0,0,1,0,0,0,0,0,0,0,0,1
601,2,0,24.0,2,1,27.0,4,0,1,0,0,None,0,6.75,0,1,0,51,2,3,0,0,1,0,0,1,0,0,0,0,0,0,0,0,1,1
602,3,1,25.0,0,0,7.8958,1,1,0,0,0,None,0,7.8958,0,1,0,20,2,1,1,0,1,0,1,0,0,0,0,0,0,0,0,0,1,0
603,1,1,42.0,0,0,42.4,1,1,0,0,0,None,0,42.4,0,1,0,25,3,4,3,0,1,0,1,0,0,0,0,0,0,0,0,0,1,0
604,3,1,44.0,0,0,8.05,1,1,0,0,0,None,0,8.05,0,1,0,25,3,1,1,0,1,0,1,0,0,0,0,0,0,0,0,0,1,0
605,1,1,35.0,0,0,26.55,1,1,0,0,0,None,0,26.55,0,1,0,31,2,3,3,0,0,0,1,0,0,0,0,0,0,0,0,0,1,1
606,3,1,36.0,1,0,15.55,2,0,1,0,0,None,0,7.775,0,1,0,29,3,2,1,0,1,0,1,0,0,0,0,0,0,0,0,0,1,0
607,3,1,30.0,0,0,7.8958,1,1,0,0,0,None,0,7.8958,0,1,0,17,2,1,1,0,1,0,1,0,0,0,0,0,0,0,0,0,1,0
608,1,1,27.0,0,0,30.5,1,1,0,0,0,None,0,30.5,0,1,0,27,2,3,3,0,1,0,1,0,0,0,0,0,0,0,0,0,1,1
609,2,0,22.0,1,2,41.5792,4,0,1,0,0,SC,1,10.3948,0,1,0,53,2,3,2,0,0,0,0,1,0,0,0,0,0,0,0,0,1,1
610,1,0,40.0,0,0,153.4625,1,1,0,0,1,PC,1,153.4625,0,1,0,25,3,4,3,0,1,1,0,0,0,0,1,0,0,0,0,0,0,1
611,3,0,39.0,1,5,31.275,7,0,0,1,0,None,0,4.4678571428571425,0,1,0,57,3,3,0,0,1,0,0,1,0,0,0,0,0,0,0,0,1,0
612,3,1,25.0,0,0,7.05,1,1,0,0,0,SOTON,1,7.05,0,1,0,21,2,0,0,0,1,0,1,0,0,0,0,0,0,0,0,0,1,0
613,3,0,22.0,1,0,15.5,2,0,1,0,0,None,0,7.75,0,1,0,27,2,2,1,1,0,1,0,0,0,0,0,0,0,0,0,0,1,1
614,3,1,25.0,0,0,7.75,1,1,0,0,0,None,0,7.75,0,1,0,16,2,0,1,1,0,0,1,0,0,0,0,0,0,0,0,0,1,0
615,3,1,35.0,0,0,8.05,1,1,0,0,0,None,0,8.05,0,1,0,31,2,1,1,0,1,0,1,0,0,0,0,0,0,0,0,0,1,0
616,2,0,24.0,1,2,65.0,4,0,1,0,0,None,0,16.25,0,1,0,19,2,4,2,0,1,1,0,0,0,0,0,0,0,0,0,0,1,1
617,3,1,34.0,1,1,14.4,3,0,1,0,0,None,0,4.8,0,1,0,25,2,2,0,0,1,0,1,0,0,0,0,0,0,0,0,0,1,0
618,3,0,26.0,1,0,16.1,2,0,1,0,0,A,1,8.05,0,1,0,47,2,2,1,0,1,0,0,1,0,0,0,0,0,0,0,0,1,0
619,2,0,4.0,2,1,39.0,4,0,1,0,1,None,0,9.75,1,0,0,27,0,3,2,0,1,1,0,0,0,0,0,0,0,1,0,0,0,1
620,2,1,26.0,0,0,10.5,1,1,0,0,0,None,0,10.5,0,1,0,19,2,1,2,0,1,0,1,0,0,0,0,0,0,0,0,0,1,0
621,3,1,27.0,1,0,14.4542,2,0,1,0,0,None,0,7.2271,0,1,0,19,2,2,0,0,0,0,1,0,0,0,0,0,0,0,0,0,1,0
622,1,1,42.0,1,0,52.5542,2,0,1,0,1,None,0,26.2771,0,1,0,28,3,4,3,0,1,0,1,0,0,0,0,1,0,0,0,0,0,1
623,3,1,20.0,1,1,15.7417,3,0,1,0,0,None,0,5.247233333333333,0,1,0,16,2,2,0,0,0,0,1,0,0,0,0,0,0,0,0,0,1,1
624,3,1,21.0,0,0,7.8542,1,1,0,0,0,None,0,7.8542,0,1,0,27,2,0,1,0,1,0,1,0,0,0,0,0,0,0,0,0,1,0
625,3,1,21.0,0,0,16.1,1,1,0,0,0,None,0,16.1,0,1,0,27,2,2,2,0,1,0,1,0,0,0,0,0,0,0,0,0,1,0
626,1,1,61.0,0,0,32.3208,1,1,0,0,1,None,0,32.3208,0,0,1,21,4,3,3,0,1,0,1,0,0,0,0,1,0,0,0,0,0,0
627,2,1,57.0,0,0,12.35,1,1,0,0,0,None,0,12.35,0,1,0,30,3,2,2,1,0,0,0,0,1,0,0,0,0,0,0,0,1,0
628,1,0,21.0,0,0,77.9583,1,1,0,0,1,None,0,77.9583,0,1,0,29,2,4,3,0,1,1,0,0,0,0,0,1,0,0,0,0,0,1
629,3,1,26.0,0,0,7.8958,1,1,0,0,0,None,0,7.8958,0,1,0,25,2,1,1,0,1,0,1,0,0,0,0,0,0,0,0,0,1,0
630,3,1,25.0,0,0,7.7333,1,1,0,0,0,None,0,7.7333,0,1,0,24,2,0,1,1,0,0,1,0,0,0,0,0,0,0,0,0,1,0
631,1,1,80.0,0,0,30.0,1,1,0,0,1,None,0,30.0,0,0,1,36,4,3,3,0,1,0,1,0,0,0,0,0,0,0,0,0,0,1
632,3,1,51.0,0,0,7.0542,1,1,0,0,0,None,0,7.0542,0,1,0,27,3,0,0,0,1,0,1,0,0,0,0,0,0,0,0,0,1,0
633,1,1,32.0,0,0,30.5,1,1,0,0,1,None,0,30.5,0,1,0,25,2,3,3,0,0,0,0,0,1,1,0,0,0,0,0,0,0,1
634,1,1,42.0,0,0,0.0,1,1,0,0,0,None,0,0.0,0,1,0,29,3,0,0,0,1,0,1,0,0,0,0,0,0,0,0,0,1,0
635,3,0,9.0,3,2,27.9,6,0,0,1,0,None,0,4.6499999999999995,1,0,0,18,0,3,0,0,1,1,0,0,0,0,0,0,0,0,0,0,1,0
636,2,0,28.0,0,0,13.0,1,1,0,0,0,None,0,13.0,0,1,0,17,2,2,2,0,1,1,0,0,0,0,0,0,0,0,0,0,1,1
637,3,1,32.0,0,0,7.925,1,1,0,0,0,STON,1,7.925,0,1,0,26,2,1,1,0,1,0,1,0,0,0,0,0,0,0,0,0,1,0
638,2,1,31.0,1,1,26.25,3,0,1,0,0,C,1,8.75,0,1,0,19,2,3,2,0,1,0,1,0,0,0,0,0,0,0,0,0,1,0
639,3,0,41.0,0,5,39.6875,6,0,0,1,0,None,0,6.614583333333333,0,1,0,38,3,3,0,0,1,0,0,1,0,0,0,0,0,0,0,0,1,0
640,3,1,25.0,1,0,16.1,2,0,1,0,0,None,0,8.05,0,1,0,26,2,2,1,0,1,0,1,0,0,0,0,0,0,0,0,0,1,0
641,3,1,20.0,0,0,7.8542,1,1,0,0,0,None,0,7.8542,0,1,0,22,2,0,1,0,1,0,1,0,0,0,0,0,0,0,0,0,1,0
642,1,0,24.0,0,0,69.3,1,1,0,0,1,PC,1,69.3,0,1,0,20,2,4,3,0,0,1,0,0,0,1,0,0,0,0,0,0,0,1
643,3,0,2.0,3,2,27.9,6,0,0,1,0,None,0,4.6499999999999995,1,0,0,29,0,3,0,0,1,1,0,0,0,0,0,0,0,0,0,0,1,0
644,3,1,25.0,0,0,56.4958,1,1,0,0,0,None,0,56.4958,0,1,0,15,2,4,3,0,1,0,1,0,0,0,0,0,0,0,0,0,1,1
645,3,0,0.75,2,1,19.2583,4,0,1,0,0,None,0,4.814575,1,0,0,22,0,2,0,0,0,1,0,0,0,0,0,0,0,0,0,0,1,1
646,1,1,48.0,1,0,76.7292,2,0,1,0,1,PC,1,38.3646,0,1,0,25,3,4,3,0,0,0,1,0,0,0,0,1,0,0,0,0,0,1
647,3,1,19.0,0,0,7.8958,1,1,0,0,0,None,0,7.8958,0,1,0,17,2,1,1,0,1,0,1,0,0,0,0,0,0,0,0,0,1,0
648,1,1,56.0,0,0,35.5,1,1,0,0,1,None,0,35.5,0,1,0,35,3,3,3,0,0,0,0,0,1,0,0,0,0,0,0,0,0,1
649,3,1,25.0,0,0,7.55,1,1,0,0,0,S,1,7.55,0,1,0,18,2,0,1,0,1,0,1,0,0,0,0,0,0,0,0,0,1,0
650,3,0,23.0,0,0,7.55,1,1,0,0,0,CA,1,7.55,0,1,0,31,2,0,1,0,1,1,0,0,0,0,0,0,0,0,0,0,1,1
651,3,1,25.0,0,0,7.8958,1,1,0,0,0,None,0,7.8958,0,1,0,17,2,1,1,0,1,0,1,0,0,0,0,0,0,0,0,0,1,0
652,2,0,18.0,0,1,23.0,2,0,1,0,0,None,0,11.5,0,1,0,19,1,3,2,0,1,1,0,0,0,0,0,0,0,0,0,0,1,1
653,3,1,21.0,0,0,8.4333,1,1,0,0,0,None,0,8.4333,0,1,0,30,2,1,1,0,1,0,1,0,0,0,0,0,0,0,0,0,1,0
654,3,0,22.0,0,0,7.8292,1,1,0,0,0,None,0,7.8292,0,1,0,29,2,0,1,1,0,1,0,0,0,0,0,0,0,0,0,0,1,1
655,3,0,18.0,0,0,6.75,1,1,0,0,0,None,0,6.75,0,1,0,28,1,0,0,1,0,1,0,0,0,0,0,0,0,0,0,0,1,0
656,2,1,24.0,2,0,73.5,3,0,1,0,0,S,1,24.5,0,1,0,25,2,4,3,0,1,0,1,0,0,0,0,0,0,0,0,0,1,0
657,3,1,25.0,0,0,7.8958,1,1,0,0,0,None,0,7.8958,0,1,0,21,2,1,1,0,1,0,1,0,0,0,0,0,0,0,0,0,1,0
658,3,0,32.0,1,1,15.5,3,0,1,0,0,None,0,5.166666666666667,0,1,0,29,2,2,0,1,0,0,0,1,0,0,0,0,0,0,0,0,1,0
659,2,1,23.0,0,0,13.0,1,1,0,0,0,None,0,13.0,0,1,0,28,2,2,2,0,1,0,1,0,0,0,0,0,0,0,0,0,1,0
660,1,1,58.0,0,2,113.275,3,0,1,0,1,None,0,37.75833333333333,0,1,0,26,3,4,3,0,0,0,1,0,0,0,0,1,0,0,0,0,0,0
661,1,1,50.0,2,0,133.65,3,0,1,0,0,PC,1,44.550000000000004,0,1,0,29,3,4,3,0,1,0,0,0,1,0,0,0,0,0,0,0,1,1
662,3,1,40.0,0,0,7.225,1,1,0,0,0,None,0,7.225,0,1,0,17,3,0,0,0,0,0,1,0,0,0,0,0,0,0,0,0,1,0
663,1,1,47.0,0,0,25.5875,1,1,0,0,1,None,0,25.5875,0,1,0,26,3,3,3,0,1,0,1,0,0,0,0,0,1,0,0,0,0,0
664,3,1,36.0,0,0,7.4958,1,1,0,0,0,None,0,7.4958,0,1,0,16,3,0,1,0,1,0,1,0,0,0,0,0,0,0,0,0,1,0
665,3,1,20.0,1,0,7.925,2,0,1,0,0,STON,1,3.9625,0,1,0,27,2,1,0,0,1,0,1,0,0,0,0,0,0,0,0,0,1,1
666,2,1,32.0,2,0,73.5,3,0,1,0,0,S,1,24.5,0,1,0,18,2,4,3,0,1,0,1,0,0,0,0,0,0,0,0,0,1,0
667,2,1,25.0,0,0,13.0,1,1,0,0,0,None,0,13.0,0,1,0,27,2,2,2,0,1,0,1,0,0,0,0,0,0,0,0,0,1,0
668,3,1,25.0,0,0,7.775,1,1,0,0,0,None,0,7.775,0,1,0,26,2,0,1,0,1,0,1,0,0,0,0,0,0,0,0,0,1,0
669,3,1,43.0,0,0,8.05,1,1,0,0,0,A,1,8.05,0,1,0,15,3,1,1,0,1,0,1,0,0,0,0,0,0,0,0,0,1,0
670,1,0,36.0,1,0,52.0,2,0,1,0,1,None,0,26.0,0,1,0,49,3,4,3,0,1,0,0,1,0,0,1,0,0,0,0,0,0,1
671,2,0,40.0,1,1,39.0,3,0,1,0,0,None,0,13.0,0,1,0,61,3,3,2,0,1,0,0,1,0,0,0,0,0,0,0,0,1,1
672,1,1,31.0,1,0,52.0,2,0,1,0,1,F,1,26.0,0,1,0,22,2,4,3,0,1,0,1,0,0,1,0,0,0,0,0,0,0,0
673,2,1,70.0,0,0,10.5,1,1,0,0,0,C,1,10.5,0,0,1,27,4,1,2,0,1,0,1,0,0,0,0,0,0,0,0,0,1,0
674,2,1,31.0,0,0,13.0,1,1,0,0,0,None,0,13.0,0,1,0,21,2,2,2,0,1,0,1,0,0,0,0,0,0,0,0,0,1,1
675,2,1,29.5,0,0,0.0,1,1,0,0,0,None,0,0.0,0,1,0,26,2,0,0,0,1,0,1,0,0,0,0,0,0,0,0,0,1,0
676,3,1,18.0,0,0,7.775,1,1,0,0,0,None,0,7.775,0,1,0,30,1,0,1,0,1,0,1,0,0,0,0,0,0,0,0,0,1,0
677,3,1,24.5,0,0,8.05,1,1,0,0,0,None,0,8.05,0,1,0,29,2,1,1,0,1,0,1,0,0,0,0,0,0,0,0,0,1,0
678,3,0,18.0,0,0,9.8417,1,1,0,0,0,None,0,9.8417,0,1,0,23,1,1,2,0,1,1,0,0,0,0,0,0,0,0,0,0,1,1
679,3,0,43.0,1,6,46.9,8,0,0,1,0,CA,1,5.8625,0,1,0,39,3,4,0,0,1,0,0,1,0,0,0,0,0,0,0,0,1,0
680,1,1,36.0,0,1,512.3292,2,0,1,0,1,PC,1,256.1646,0,1,0,34,3,4,3,0,0,0,1,0,0,1,0,0,0,0,0,0,0,1
681,3,0,22.0,0,0,8.1375,1,1,0,0,0,None,0,8.1375,0,1,0,19,2,1,1,1,0,1,0,0,0,0,0,0,0,0,0,0,1,0
682,1,1,27.0,0,0,76.7292,1,1,0,0,1,PC,1,76.7292,0,1,0,18,2,4,3,0,0,0,1,0,0,0,0,1,0,0,0,0,0,1
683,3,1,20.0,0,0,9.225,1,1,0,0,0,None,0,9.225,0,1,0,27,2,1,2,0,1,0,1,0,0,0,0,0,0,0,0,0,1,0
684,3,1,14.0,5,2,46.9,8,0,0,1,0,CA,1,5.8625,1,0,0,27,1,4,0,0,1,0,1,0,0,0,0,0,0,0,0,0,1,0
685,2,1,60.0,1,1,39.0,3,0,1,0,0,None,0,13.0,0,0,1,33,3,3,2,0,1,0,1,0,0,0,0,0,0,0,0,0,1,0
686,2,1,25.0,1,2,41.5792,4,0,1,0,0,SC,1,10.3948,0,1,0,38,2,3,2,0,0,0,1,0,0,0,0,0,0,0,0,0,1,0
687,3,1,14.0,4,1,39.6875,6,0,0,1,0,None,0,6.614583333333333,1,0,0,24,1,3,0,0,1,0,1,0,0,0,0,0,0,0,0,0,1,0
688,3,1,19.0,0,0,10.1708,1,1,0,0,0,None,0,10.1708,0,1,0,17,2,1,2,0,1,0,1,0,0,0,0,0,0,0,0,0,1,0
689,3,1,18.0,0,0,7.7958,1,1,0,0,0,None,0,7.7958,0,1,0,31,1,0,1,0,1,0,1,0,0,0,0,0,0,0,0,0,1,0
690,1,0,15.0,0,1,211.3375,2,0,1,0,1,None,0,105.66875,1,0,0,33,1,4,3,0,1,1,0,0,0,1,0,0,0,0,0,0,0,1
691,1,1,31.0,1,0,57.0,2,0,1,0,1,None,0,28.5,0,1,0,23,2,4,3,0,1,0,1,0,0,1,0,0,0,0,0,0,0,1
692,3,0,4.0,0,1,13.4167,2,0,1,0,0,None,0,6.70835,1,0,0,18,0,2,0,0,0,1,0,0,0,0,0,0,0,0,0,0,1,1
693,3,1,25.0,0,0,56.4958,1,1,0,0,0,None,0,56.4958,0,1,0,12,2,4,3,0,1,0,1,0,0,0,0,0,0,0,0,0,1,1
694,3,1,25.0,0,0,7.225,1,1,0,0,0,None,0,7.225,0,1,0,16,2,0,0,0,0,0,1,0,0,0,0,0,0,0,0,0,1,0
695,1,1,60.0,0,0,26.55,1,1,0,0,0,None,0,26.55,0,0,1,15,3,3,3,0,1,0,0,0,1,0,0,0,0,0,0,0,1,0
696,2,1,52.0,0,0,13.5,1,1,0,0,0,None,0,13.5,0,1,0,26,3,2,2,0,1,0,1,0,0,0,0,0,0,0,0,0,1,0
697,3,1,44.0,0,0,8.05,1,1,0,0,0,None,0,8.05,0,1,0,16,3,1,1,0,1,0,1,0,0,0,0,0,0,0,0,0,1,0
698,3,0,22.0,0,0,7.7333,1,1,0,0,0,None,0,7.7333,0,1,0,32,2,0,1,1,0,1,0,0,0,0,0,0,0,0,0,0,1,1
699,1,1,49.0,1,1,110.8833,3,0,1,0,1,None,0,36.9611,0,1,0,24,3,4,3,0,0,0,1,0,0,0,1,0,0,0,0,0,0,0
700,3,1,42.0,0,0,7.65,1,1,0,0,1,None,0,7.65,0,1,0,40,3,0,1,0,1,0,1,0,0,0,0,0,0,1,0,0,0,0
701,1,0,18.0,1,0,227.525,2,0,1,0,1,PC,1,113.7625,0,1,0,49,1,4,3,0,0,0,0,1,0,0,1,0,0,0,0,0,0,1
702,1,1,35.0,0,0,26.2875,1,1,0,0,1,PC,1,26.2875,0,1,0,32,2,3,3,0,1,0,1,0,0,0,0,0,1,0,0,0,0,1
703,3,0,18.0,0,1,14.4542,2,0,1,0,0,None,0,7.2271,0,1,0,21,1,2,0,0,0,1,0,0,0,0,0,0,0,0,0,0,1,0
704,3,1,25.0,0,0,7.7417,1,1,0,0,0,None,0,7.7417,0,1,0,21,2,0,1,1,0,0,1,0,0,0,0,0,0,0,0,0,1,0
705,3,1,26.0,1,0,7.8542,2,0,1,0,0,None,0,3.9271,0,1,0,23,2,0,0,0,1,0,1,0,0,0,0,0,0,0,0,0,1,0
706,2,1,39.0,0,0,26.0,1,1,0,0,0,None,0,26.0,0,1,0,46,3,3,3,0,1,0,1,0,0,0,0,0,0,0,0,0,1,0
707,2,0,45.0,0,0,13.5,1,1,0,0,0,None,0,13.5,0,1,0,29,3,2,2,0,1,0,0,1,0,0,0,0,0,0,0,0,1,1
708,1,1,42.0,0,0,26.2875,1,1,0,0,1,PC,1,26.2875,0,1,0,33,3,3,3,0,1,0,1,0,0,0,0,0,1,0,0,0,0,1
709,1,0,22.0,0,0,151.55,1,1,0,0,0,None,0,151.55,0,1,0,20,2,4,3,0,1,1,0,0,0,0,0,0,0,0,0,0,1,1
710,3,1,25.0,1,1,15.2458,3,0,1,0,0,None,0,5.081933333333333,0,1,0,49,2,2,0,0,0,0,0,0,0,0,0,0,0,0,0,0,1,1
711,1,0,24.0,0,0,49.5042,1,1,0,0,1,PC,1,49.5042,0,1,0,48,2,4,3,0,0,1,0,0,0,0,1,0,0,0,0,0,0,1
712,1,1,42.0,0,0,26.55,1,1,0,0,1,None,0,26.55,0,1,0,18,3,3,3,0,1,0,1,0,0,0,1,0,0,0,0,0,0,0
713,1,1,48.0,1,0,52.0,2,0,1,0,1,None,0,26.0,0,1,0,24,3,4,3,0,1,0,1,0,0,0,1,0,0,0,0,0,0,1
714,3,1,29.0,0,0,9.4833,1,1,0,0,0,None,0,9.4833,0,1,0,26,2,1,2,0,1,0,1,0,0,0,0,0,0,0,0,0,1,0
715,2,1,52.0,0,0,13.0,1,1,0,0,0,None,0,13.0,0,1,0,21,3,2,2,0,1,0,1,0,0,0,0,0,0,0,0,0,1,0
716,3,1,19.0,0,0,7.65,1,1,0,0,1,None,0,7.65,0,1,0,42,2,0,1,0,1,0,1,0,0,0,0,0,0,1,0,0,0,0
717,1,0,38.0,0,0,227.525,1,1,0,0,1,PC,1,227.525,0,1,0,29,3,4,3,0,0,1,0,0,0,0,1,0,0,0,0,0,0,1
718,2,0,27.0,0,0,10.5,1,1,0,0,1,None,0,10.5,0,1,0,35,2,1,2,0,1,1,0,0,0,0,0,0,1,0,0,0,0,1
719,3,1,25.0,0,0,15.5,1,1,0,0,0,None,0,15.5,0,1,0,19,2,2,2,1,0,0,1,0,0,0,0,0,0,0,0,0,1,0
720,3,1,33.0,0,0,7.775,1,1,0,0,0,None,0,7.775,0,1,0,28,2,0,1,0,1,0,1,0,0,0,0,0,0,0,0,0,1,0
721,2,0,6.0,0,1,33.0,2,0,1,0,0,None,0,16.5,1,0,0,33,0,3,2,0,1,1,0,0,0,0,0,0,0,0,0,0,1,1
722,3,1,17.0,1,0,7.0542,2,0,1,0,0,None,0,3.5271,0,1,0,25,1,0,0,0,1,0,1,0,0,0,0,0,0,0,0,0,1,0
723,2,1,34.0,0,0,13.0,1,1,0,0,0,None,0,13.0,0,1,0,28,2,2,2,0,1,0,1,0,0,0,0,0,0,0,0,0,1,0
724,2,1,50.0,0,0,13.0,1,1,0,0,0,None,0,13.0,0,1,0,23,3,2,2,0,1,0,1,0,0,0,0,0,0,0,0,0,1,0
725,1,1,27.0,1,0,53.1,2,0,1,0,1,None,0,26.55,0,1,0,29,2,4,3,0,1,0,1,0,0,0,0,0,1,0,0,0,0,1
726,3,1,20.0,0,0,8.6625,1,1,0,0,0,None,0,8.6625,0,1,0,19,2,1,2,0,1,0,1,0,0,0,0,0,0,0,0,0,1,0
727,2,0,30.0,3,0,21.0,4,0,1,0,0,None,0,5.25,0,1,0,43,2,2,0,0,1,0,0,1,0,0,0,0,0,0,0,0,1,1
728,3,0,22.0,0,0,7.7375,1,1,0,0,0,None,0,7.7375,0,1,0,24,2,0,1,1,0,1,0,0,0,0,0,0,0,0,0,0,1,1
729,2,1,25.0,1,0,26.0,2,0,1,0,0,None,0,13.0,0,1,0,31,2,3,2,0,1,0,1,0,0,0,0,0,0,0,0,0,1,0
730,3,0,25.0,1,0,7.925,2,0,1,0,0,STON,1,3.9625,0,1,0,29,2,1,0,0,1,1,0,0,0,0,0,0,0,0,0,0,1,0
731,1,0,29.0,0,0,211.3375,1,1,0,0,1,None,0,211.3375,0,1,0,29,2,4,3,0,1,1,0,0,0,1,0,0,0,0,0,0,0,1
732,3,1,11.0,0,0,18.7875,1,1,0,0,0,None,0,18.7875,1,0,0,24,0,2,2,0,0,0,1,0,0,0,0,0,0,0,0,0,1,0
733,2,1,29.5,0,0,0.0,1,1,0,0,0,None,0,0.0,0,1,0,20,2,0,0,0,1,0,1,0,0,0,0,0,0,0,0,0,1,0
734,2,1,23.0,0,0,13.0,1,1,0,0,0,None,0,13.0,0,1,0,26,2,2,2,0,1,0,1,0,0,0,0,0,0,0,0,0,1,0
735,2,1,23.0,0,0,13.0,1,1,0,0,0,None,0,13.0,0,1,0,28,2,2,2,0,1,0,1,0,0,0,0,0,0,0,0,0,1,0
736,3,1,28.5,0,0,16.1,1,1,0,0,0,None,0,16.1,0,1,0,20,2,2,2,0,1,0,1,0,0,0,0,0,0,0,0,0,1,0
737,3,0,48.0,1,3,34.375,5,0,0,1,0,W,1,6.875,0,1,0,39,3,3,0,0,1,0,0,1,0,0,0,0,0,0,0,0,1,0
738,1,1,35.0,0,0,512.3292,1,1,0,0,1,PC,1,512.3292,0,1,0,22,2,4,3,0,0,0,1,0,0,1,0,0,0,0,0,0,0,1
739,3,1,25.0,0,0,7.8958,1,1,0,0,0,None,0,7.8958,0,1,0,18,2,1,1,0,1,0,1,0,0,0,0,0,0,0,0,0,1,0
740,3,1,25.0,0,0,7.8958,1,1,0,0,0,None,0,7.8958,0,1,0,18,2,1,1,0,1,0,1,0,0,0,0,0,0,0,0,0,1,0
741,1,1,42.0,0,0,30.0,1,1,0,0,1,None,0,30.0,0,1,0,27,3,3,3,0,1,0,1,0,0,0,0,1,0,0,0,0,0,1
742,1,1,36.0,1,0,78.85,2,0,1,0,1,None,0,39.425,0,1,0,29,3,4,3,0,1,0,1,0,0,0,1,0,0,0,0,0,0,0
743,1,0,21.0,2,2,262.375,5,0,0,1,1,PC,1,52.475,0,1,0,37,2,4,3,0,0,1,0,0,0,1,0,0,0,0,0,0,0,1
744,3,1,24.0,1,0,16.1,2,0,1,0,0,None,0,8.05,0,1,0,17,2,2,1,0,1,0,1,0,0,0,0,0,0,0,0,0,1,0
745,3,1,31.0,0,0,7.925,1,1,0,0,0,STON,1,7.925,0,1,0,18,2,1,1,0,1,0,1,0,0,0,0,0,0,0,0,0,1,1
746,1,1,70.0,1,1,71.0,3,0,1,0,1,WE,1,23.666666666666668,0,0,1,28,4,4,2,0,1,0,0,0,1,1,0,0,0,0,0,0,0,0
747,3,1,16.0,1,1,20.25,3,0,1,0,0,C,1,6.75,0,1,0,27,1,2,0,0,1,0,1,0,0,0,0,0,0,0,0,0,1,0
748,2,0,30.0,0,0,13.0,1,1,0,0,0,None,0,13.0,0,1,0,21,2,2,2,0,1,1,0,0,0,0,0,0,0,0,0,0,1,1
749,1,1,19.0,1,0,53.1,2,0,1,0,1,None,0,26.55,0,1,0,25,2,4,3,0,1,0,1,0,0,0,0,1,0,0,0,0,0,0
750,3,1,31.0,0,0,7.75,1,1,0,0,0,None,0,7.75,0,1,0,23,2,0,1,1,0,0,1,0,0,0,0,0,0,0,0,0,1,0
751,2,0,4.0,1,1,23.0,3,0,1,0,0,None,0,7.666666666666667,1,0,0,17,0,3,1,0,1,1,0,0,0,0,0,0,0,0,0,0,1,1
752,3,1,6.0,0,1,12.475,2,0,1,0,1,None,0,6.2375,1,0,0,19,0,2,0,0,1,0,0,0,0,0,0,0,1,0,0,0,0,1
753,3,1,33.0,0,0,9.5,1,1,0,0,0,None,0,9.5,0,1,0,32,2,1,2,0,1,0,1,0,0,0,0,0,0,0,0,0,1,0
754,3,1,23.0,0,0,7.8958,1,1,0,0,0,None,0,7.8958,0,1,0,18,2,1,1,0,1,0,1,0,0,0,0,0,0,0,0,0,1,0
755,2,0,48.0,1,2,65.0,4,0,1,0,0,None,0,16.25,0,1,0,32,3,4,2,0,1,0,0,1,0,0,0,0,0,0,0,0,1,1
756,2,1,0.67,1,1,14.5,3,0,1,0,0,None,0,4.833333333333333,1,0,0,25,0,2,0,0,1,0,0,0,0,0,0,0,0,0,0,0,1,1
757,3,1,28.0,0,0,7.7958,1,1,0,0,0,None,0,7.7958,0,1,0,28,2,0,1,0,1,0,1,0,0,0,0,0,0,0,0,0,1,0
758,2,1,18.0,0,0,11.5,1,1,0,0,0,None,0,11.5,0,1,0,24,1,2,2,0,1,0,1,0,0,0,0,0,0,0,0,0,1,0
759,3,1,34.0,0,0,8.05,1,1,0,0,0,None,0,8.05,0,1,0,28,2,1,1,0,1,0,1,0,0,0,0,0,0,0,0,0,1,0
760,1,0,33.0,0,0,86.5,1,1,0,0,1,None,0,86.5,0,1,0,56,2,4,3,0,1,0,0,0,1,1,0,0,0,0,0,0,0,1
761,3,1,25.0,0,0,14.5,1,1,0,0,0,None,0,14.5,0,1,0,18,2,2,2,0,1,0,1,0,0,0,0,0,0,0,0,0,1,0
762,3,1,41.0,0,0,7.125,1,1,0,0,0,SOTON,1,7.125,0,1,0,30,3,0,0,0,1,0,1,0,0,0,0,0,0,0,0,0,1,0
763,3,1,20.0,0,0,7.2292,1,1,0,0,0,None,0,7.2292,0,1,0,21,2,0,0,0,0,0,1,0,0,0,0,0,0,0,0,0,1,1
764,1,0,36.0,1,2,120.0,4,0,1,0,1,None,0,30.0,0,1,0,41,3,4,3,0,1,0,0,1,0,1,0,0,0,0,0,0,0,1
765,3,1,16.0,0,0,7.775,1,1,0,0,0,None,0,7.775,0,1,0,22,1,0,1,0,1,0,1,0,0,0,0,0,0,0,0,0,1,0
766,1,0,51.0,1,0,77.9583,2,0,1,0,1,None,0,38.97915,0,1,0,36,3,4,3,0,1,0,0,1,0,0,0,1,0,0,0,0,0,1
767,1,1,42.0,0,0,39.6,1,1,0,0,0,None,0,39.6,0,1,0,25,3,3,3,0,0,0,0,0,1,0,0,0,0,0,0,0,1,0
768,3,0,30.5,0,0,7.75,1,1,0,0,0,None,0,7.75,0,1,0,18,2,0,1,1,0,1,0,0,0,0,0,0,0,0,0,0,1,0
769,3,1,25.0,1,0,24.15,2,0,1,0,0,None,0,12.075,0,1,0,19,2,3,2,1,0,0,1,0,0,0,0,0,0,0,0,0,1,0
770,3,1,32.0,0,0,8.3625,1,1,0,0,0,None,0,8.3625,0,1,0,32,2,1,1,0,1,0,1,0,0,0,0,0,0,0,0,0,1,0
771,3,1,24.0,0,0,9.5,1,1,0,0,0,None,0,9.5,0,1,0,22,2,1,2,0,1,0,1,0,0,0,0,0,0,0,0,0,1,0
772,3,1,48.0,0,0,7.8542,1,1,0,0,0,None,0,7.8542,0,1,0,23,3,0,1,0,1,0,1,0,0,0,0,0,0,0,0,0,1,0
773,2,0,57.0,0,0,10.5,1,1,0,0,1,S,1,10.5,0,1,0,17,3,1,2,0,1,0,0,1,0,0,0,0,1,0,0,0,0,0
774,3,1,25.0,0,0,7.225,1,1,0,0,0,None,0,7.225,0,1,0,15,2,0,0,0,0,0,1,0,0,0,0,0,0,0,0,0,1,0
775,2,0,54.0,1,3,23.0,5,0,0,1,0,None,0,4.6,0,1,0,37,3,3,0,0,1,0,0,1,0,0,0,0,0,0,0,0,1,1
776,3,1,18.0,0,0,7.75,1,1,0,0,0,None,0,7.75,0,1,0,39,1,0,1,0,1,0,1,0,0,0,0,0,0,0,0,0,1,0
777,3,1,25.0,0,0,7.75,1,1,0,0,1,None,0,7.75,0,1,0,16,2,0,1,1,0,0,1,0,0,0,0,0,0,1,0,0,0,0
778,3,0,5.0,0,0,12.475,1,1,0,0,0,None,0,12.475,1,0,0,29,0,2,2,0,1,1,0,0,0,0,0,0,0,0,0,0,1,1
779,3,1,25.0,0,0,7.7375,1,1,0,0,0,None,0,7.7375,0,1,0,23,2,0,1,1,0,0,1,0,0,0,0,0,0,0,0,0,1,0
780,1,0,43.0,0,1,211.3375,2,0,1,0,1,None,0,105.66875,0,1,0,53,3,4,3,0,1,0,0,1,0,1,0,0,0,0,0,0,0,1
781,3,0,13.0,0,0,7.2292,1,1,0,0,0,None,0,7.2292,1,0,0,20,1,0,0,0,0,1,0,0,0,0,0,0,0,0,0,0,1,1
782,1,0,17.0,1,0,57.0,2,0,1,0,1,None,0,28.5,0,1,0,41,1,4,3,0,1,0,0,1,0,1,0,0,0,0,0,0,0,1
783,1,1,29.0,0,0,30.0,1,1,0,0,1,None,0,30.0,0,1,0,22,2,3,3,0,1,0,1,0,0,0,0,1,0,0,0,0,0,0
784,3,1,25.0,1,2,23.45,4,0,1,0,0,W,1,5.8625,0,1,0,22,2,3,0,0,1,0,1,0,0,0,0,0,0,0,0,0,1,0
785,3,1,25.0,0,0,7.05,1,1,0,0,0,SOTON,1,7.05,0,1,0,16,2,0,0,0,1,0,1,0,0,0,0,0,0,0,0,0,1,0
786,3,1,25.0,0,0,7.25,1,1,0,0,0,None,0,7.25,0,1,0,34,2,0,0,0,1,0,1,0,0,0,0,0,0,0,0,0,1,0
787,3,0,18.0,0,0,7.4958,1,1,0,0,0,None,0,7.4958,0,1,0,25,1,0,1,0,1,1,0,0,0,0,0,0,0,0,0,0,1,1
788,3,1,8.0,4,1,29.125,6,0,0,1,0,None,0,4.854166666666667,1,0,0,25,0,3,0,1,0,0,0,0,0,0,0,0,0,0,0,0,1,0
789,3,1,1.0,1,2,20.575,4,0,1,0,0,C,1,5.14375,1,0,0,26,0,2,0,0,1,0,0,0,0,0,0,0,0,0,0,0,1,1
790,1,1,46.0,0,0,79.2,1,1,0,0,1,PC,1,79.2,0,1,0,24,3,4,3,0,0,0,1,0,0,1,0,0,0,0,0,0,0,0
791,3,1,25.0,0,0,7.75,1,1,0,0,0,None,0,7.75,0,1,0,24,2,0,1,1,0,0,1,0,0,0,0,0,0,0,0,0,1,0
792,2,1,16.0,0,0,26.0,1,1,0,0,0,None,0,26.0,0,1,0,19,1,3,3,0,1,0,1,0,0,0,0,0,0,0,0,0,1,0
793,3,0,22.0,8,2,69.55,11,0,0,1,0,CA,1,6.322727272727272,0,1,0,23,2,4,0,0,1,1,0,0,0,0,0,0,0,0,0,0,1,0
794,1,1,42.0,0,0,30.6958,1,1,0,0,0,PC,1,30.6958,0,1,0,24,3,3,3,0,0,0,1,0,0,0,0,0,0,0,0,0,1,0
795,3,1,25.0,0,0,7.8958,1,1,0,0,0,None,0,7.8958,0,1,0,21,2,1,1,0,1,0,1,0,0,0,0,0,0,0,0,0,1,0
796,2,1,39.0,0,0,13.0,1,1,0,0,0,None,0,13.0,0,1,0,18,3,2,2,0,1,0,1,0,0,0,0,0,0,0,0,0,1,0
797,1,0,49.0,0,0,25.9292,1,1,0,0,1,None,0,25.9292,0,1,0,27,3,3,3,0,1,0,0,0,1,0,0,1,0,0,0,0,0,1
798,3,0,31.0,0,0,8.6833,1,1,0,0,0,None,0,8.6833,0,1,0,16,2,1,2,0,1,0,0,1,0,0,0,0,0,0,0,0,1,1
799,3,1,30.0,0,0,7.2292,1,1,0,0,0,None,0,7.2292,0,1,0,28,2,0,0,0,0,0,1,0,0,0,0,0,0,0,0,0,1,0
800,3,0,30.0,1,1,24.15,3,0,1,0,0,None,0,8.049999999999999,0,1,0,52,2,3,1,0,1,0,0,1,0,0,0,0,0,0,0,0,1,0
801,2,1,34.0,0,0,13.0,1,1,0,0,0,None,0,13.0,0,1,0,20,2,2,2,0,1,0,1,0,0,0,0,0,0,0,0,0,1,0
802,2,0,31.0,1,1,26.25,3,0,1,0,0,C,1,8.75,0,1,0,43,2,3,2,0,1,0,0,1,0,0,0,0,0,0,0,0,1,1
803,1,1,11.0,1,2,120.0,4,0,1,0,1,None,0,30.0,1,0,0,35,0,4,3,0,1,0,0,0,0,1,0,0,0,0,0,0,0,1
804,3,1,0.42,0,1,8.5167,2,0,1,0,0,None,0,4.25835,1,0,0,31,0,1,0,0,0,0,0,0,0,0,0,0,0,0,0,0,1,1
805,3,1,27.0,0,0,6.975,1,1,0,0,0,None,0,6.975,0,1,0,23,2,0,0,0,1,0,1,0,0,0,0,0,0,0,0,0,1,1
806,3,1,31.0,0,0,7.775,1,1,0,0,0,None,0,7.775,0,1,0,25,2,0,1,0,1,0,1,0,0,0,0,0,0,0,0,0,1,0
807,1,1,39.0,0,0,0.0,1,1,0,0,1,None,0,0.0,0,1,0,22,3,0,0,0,1,0,1,0,0,0,0,0,0,0,0,0,0,0
808,3,0,18.0,0,0,7.775,1,1,0,0,0,None,0,7.775,0,1,0,31,1,0,1,0,1,1,0,0,0,0,0,0,0,0,0,0,1,0
809,2,1,39.0,0,0,13.0,1,1,0,0,0,None,0,13.0,0,1,0,17,3,2,2,0,1,0,1,0,0,0,0,0,0,0,0,0,1,0
810,1,0,33.0,1,0,53.1,2,0,1,0,1,None,0,26.55,0,1,0,46,2,4,3,0,1,0,0,1,0,0,0,0,1,0,0,0,0,1
811,3,1,26.0,0,0,7.8875,1,1,0,0,0,None,0,7.8875,0,1,0,22,2,1,1,0,1,0,1,0,0,0,0,0,0,0,0,0,1,0
812,3,1,39.0,0,0,24.15,1,1,0,0,0,A,1,24.15,0,1,0,17,3,3,2,0,1,0,1,0,0,0,0,0,0,0,0,0,1,0
813,2,1,35.0,0,0,10.5,1,1,0,0,0,None,0,10.5,0,1,0,25,2,1,2,0,1,0,1,0,0,0,0,0,0,0,0,0,1,0
814,3,0,6.0,4,2,31.275,7,0,0,1,0,None,0,4.4678571428571425,1,0,0,34,0,3,0,0,1,1,0,0,0,0,0,0,0,0,0,0,1,0
815,3,1,30.5,0,0,8.05,1,1,0,0,0,None,0,8.05,0,1,0,26,2,1,1,0,1,0,1,0,0,0,0,0,0,0,0,0,1,0
816,1,1,42.0,0,0,0.0,1,1,0,0,1,None,0,0.0,0,1,0,16,3,0,0,0,1,0,1,0,0,1,0,0,0,0,0,0,0,0
817,3,0,23.0,0,0,7.925,1,1,0,0,0,STON,1,7.925,0,1,0,28,2,1,1,0,1,1,0,0,0,0,0,0,0,0,0,0,1,0
818,2,1,31.0,1,1,37.0042,3,0,1,0,0,S,1,12.334733333333332,0,1,0,18,2,3,2,0,0,0,1,0,0,0,0,0,0,0,0,0,1,0
819,3,1,43.0,0,0,6.45,1,1,0,0,0,C,1,6.45,0,1,0,32,3,0,0,0,1,0,1,0,0,0,0,0,0,0,0,0,1,0
820,3,1,10.0,3,2,27.9,6,0,0,1,0,None,0,4.6499999999999995,1,0,0,28,0,3,0,0,1,0,0,0,0,0,0,0,0,0,0,0,1,0
821,1,0,52.0,1,1,93.5,3,0,1,0,1,None,0,31.166666666666668,0,1,0,50,3,4,3,0,1,0,0,1,0,1,0,0,0,0,0,0,0,1
822,3,1,27.0,0,0,8.6625,1,1,0,0,0,None,0,8.6625,0,1,0,17,2,1,2,0,1,0,1,0,0,0,0,0,0,0,0,0,1,1
823,1,1,38.0,0,0,0.0,1,1,0,0,0,None,0,0.0,0,1,0,31,3,0,0,0,1,0,0,0,1,0,0,0,0,0,0,0,1,0
824,3,0,27.0,0,1,12.475,2,0,1,0,1,None,0,6.2375,0,1,0,18,2,2,0,0,1,0,0,1,0,0,0,0,1,0,0,0,0,1
825,3,1,2.0,4,1,39.6875,6,0,0,1,0,None,0,6.614583333333333,1,0,0,28,0,3,0,0,1,0,0,0,0,0,0,0,0,0,0,0,1,0
826,3,1,25.0,0,0,6.95,1,1,0,0,0,None,0,6.95,0,1,0,15,2,0,0,1,0,0,1,0,0,0,0,0,0,0,0,0,1,0
827,3,1,25.0,0,0,56.4958,1,1,0,0,0,None,0,56.4958,0,1,0,12,2,4,3,0,1,0,1,0,0,0,0,0,0,0,0,0,1,0
828,2,1,1.0,0,2,37.0042,3,0,1,0,0,S,1,12.334733333333332,1,0,0,21,0,3,2,0,0,0,0,0,0,0,0,0,0,0,0,0,1,1
829,3,1,25.0,0,0,7.75,1,1,0,0,0,None,0,7.75,0,1,0,28,2,0,1,1,0,0,1,0,0,0,0,0,0,0,0,0,1,1
830,1,0,62.0,0,0,80.0,1,1,0,0,1,None,0,80.0,0,0,1,41,4,4,3,0,1,0,0,1,0,1,0,0,0,0,0,0,0,1
831,3,0,15.0,1,0,14.4542,2,0,1,0,0,None,0,7.2271,1,0,0,39,1,2,0,0,0,0,0,1,0,0,0,0,0,0,0,0,1,1
832,2,1,0.83,1,1,18.75,3,0,1,0,0,None,0,6.25,1,0,0,31,0,2,0,0,1,0,0,0,0,0,0,0,0,0,0,0,1,1
833,3,1,25.0,0,0,7.2292,1,1,0,0,0,None,0,7.2292,0,1,0,14,2,0,0,0,0,0,1,0,0,0,0,0,0,0,0,0,1,0
834,3,1,23.0,0,0,7.8542,1,1,0,0,0,None,0,7.8542,0,1,0,22,2,0,1,0,1,0,1,0,0,0,0,0,0,0,0,0,1,0
835,3,1,18.0,0,0,8.3,1,1,0,0,0,None,0,8.3,0,1,0,22,1,1,1,0,1,0,1,0,0,0,0,0,0,0,0,0,1,0
836,1,0,39.0,1,1,83.1583,3,0,1,0,1,PC,1,27.71943333333333,0,1,0,27,3,4,3,0,0,1,0,0,0,0,0,0,1,0,0,0,0,1
837,3,1,21.0,0,0,8.6625,1,1,0,0,0,None,0,8.6625,0,1,0,16,2,1,2,0,1,0,1,0,0,0,0,0,0,0,0,0,1,0
838,3,1,25.0,0,0,8.05,1,1,0,0,0,None,0,8.05,0,1,0,19,2,1,1,0,1,0,1,0,0,0,0,0,0,0,0,0,1,0
839,3,1,32.0,0,0,56.4958,1,1,0,0,0,None,0,56.4958,0,1,0,15,2,4,3,0,1,0,1,0,0,0,0,0,0,0,0,0,1,1
840,1,1,42.0,0,0,29.7,1,1,0,0,1,None,0,29.7,0,1,0,20,3,3,3,0,0,0,1,0,0,0,1,0,0,0,0,0,0,1
841,3,1,20.0,0,0,7.925,1,1,0,0,0,SOTON,1,7.925,0,1,0,27,2,1,1,0,1,0,1,0,0,0,0,0,0,0,0,0,1,0
842,2,1,16.0,0,0,10.5,1,1,0,0,0,S,1,10.5,0,1,0,24,1,1,2,0,1,0,1,0,0,0,0,0,0,0,0,0,1,0
843,1,0,30.0,0,0,31.0,1,1,0,0,0,None,0,31.0,0,1,0,23,2,3,3,0,0,1,0,0,0,0,0,0,0,0,0,0,1,1
844,3,1,34.5,0,0,6.4375,1,1,0,0,0,None,0,6.4375,0,1,0,26,2,0,0,0,0,0,1,0,0,0,0,0,0,0,0,0,1,0
845,3,1,17.0,0,0,8.6625,1,1,0,0,0,None,0,8.6625,0,1,0,19,1,1,2,0,1,0,1,0,0,0,0,0,0,0,0,0,1,0
846,3,1,42.0,0,0,7.55,1,1,0,0,0,C,1,7.55,0,1,0,19,3,0,1,0,1,0,1,0,0,0,0,0,0,0,0,0,1,0
847,3,1,25.0,8,2,69.55,11,0,0,1,0,CA,1,6.322727272727272,0,1,0,24,2,4,0,0,1,0,1,0,0,0,0,0,0,0,0,0,1,0
848,3,1,35.0,0,0,7.8958,1,1,0,0,0,None,0,7.8958,0,1,0,18,2,1,1,0,0,0,1,0,0,0,0,0,0,0,0,0,1,0
849,2,1,28.0,0,1,33.0,2,0,1,0,0,None,0,16.5,0,1,0,17,2,3,2,0,1,0,0,0,1,0,0,0,0,0,0,0,1,0
850,1,0,36.0,1,0,89.1042,2,0,1,0,1,None,0,44.5521,0,1,0,44,3,4,3,0,0,0,0,1,0,0,1,0,0,0,0,0,0,1
851,3,1,4.0,4,2,31.275,7,0,0,1,0,None,0,4.4678571428571425,1,0,0,39,0,3,0,0,1,0,0,0,0,0,0,0,0,0,0,0,1,0
852,3,1,74.0,0,0,7.775,1,1,0,0,0,None,0,7.775,0,0,1,19,4,0,1,0,1,0,1,0,0,0,0,0,0,0,0,0,1,0
853,3,0,9.0,1,1,15.2458,3,0,1,0,0,None,0,5.081933333333333,1,0,0,23,0,2,0,0,0,1,0,0,0,0,0,0,0,0,0,0,1,0
854,1,0,16.0,0,1,39.4,2,0,1,0,1,PC,1,19.7,0,1,0,25,1,3,2,0,1,1,0,0,0,0,0,1,0,0,0,0,0,1
855,2,0,44.0,1,0,26.0,2,0,1,0,0,None,0,13.0,0,1,0,45,3,3,2,0,1,0,0,1,0,0,0,0,0,0,0,0,1,0
856,3,0,18.0,0,1,9.35,2,0,1,0,0,None,0,4.675,0,1,0,26,1,1,0,0,1,0,0,1,0,0,0,0,0,0,0,0,1,1
857,1,0,45.0,1,1,164.8667,3,0,1,0,0,None,0,54.95556666666667,0,1,0,42,3,4,3,0,1,0,0,1,0,0,0,0,0,0,0,0,1,1
858,1,1,51.0,0,0,26.55,1,1,0,0,1,None,0,26.55,0,1,0,22,3,3,3,0,1,0,1,0,0,0,0,0,1,0,0,0,0,1
859,3,0,24.0,0,3,19.2583,4,0,1,0,0,None,0,4.814575,0,1,0,37,2,2,0,0,0,0,0,1,0,0,0,0,0,0,0,0,1,1
860,3,1,25.0,0,0,7.2292,1,1,0,0,0,None,0,7.2292,0,1,0,16,2,0,0,0,0,0,1,0,0,0,0,0,0,0,0,0,1,0
861,3,1,41.0,2,0,14.1083,3,0,1,0,0,None,0,4.702766666666666,0,1,0,23,3,2,0,0,1,0,1,0,0,0,0,0,0,0,0,0,1,0
862,2,1,21.0,1,0,11.5,2,0,1,0,0,None,0,5.75,0,1,0,27,2,2,0,0,1,0,1,0,0,0,0,0,0,0,0,0,1,0
863,1,0,48.0,0,0,25.9292,1,1,0,0,1,None,0,25.9292,0,1,0,51,3,3,3,0,1,0,0,1,0,0,0,1,0,0,0,0,0,1
864,3,0,22.0,8,2,69.55,11,0,0,1,0,CA,1,6.322727272727272,0,1,0,33,2,4,0,0,1,1,0,0,0,0,0,0,0,0,0,0,1,0
865,2,1,24.0,0,0,13.0,1,1,0,0,0,None,0,13.0,0,1,0,22,2,2,2,0,1,0,1,0,0,0,0,0,0,0,0,0,1,0
866,2,0,42.0,0,0,13.0,1,1,0,0,0,None,0,13.0,0,1,0,24,3,2,2,0,1,0,0,1,0,0,0,0,0,0,0,0,1,1
867,2,0,27.0,1,0,13.8583,2,0,1,0,0,SC,1,6.92915,0,1,0,28,2,2,0,0,0,1,0,0,0,0,0,0,0,0,0,0,1,1
868,1,1,31.0,0,0,50.4958,1,1,0,0,1,PC,1,50.4958,0,1,0,36,2,4,3,0,1,0,1,0,0,0,0,0,0,0,0,0,0,0
869,3,1,25.0,0,0,9.5,1,1,0,0,0,None,0,9.5,0,1,0,27,2,1,2,0,1,0,1,0,0,0,0,0,0,0,0,0,1,0
870,3,1,4.0,1,1,11.1333,3,0,1,0,0,None,0,3.7111,1,0,0,31,0,2,0,0,1,0,0,0,0,0,0,0,0,0,0,0,1,1
871,3,1,26.0,0,0,7.8958,1,1,0,0,0,None,0,7.8958,0,1,0,17,2,1,1,0,1,0,1,0,0,0,0,0,0,0,0,0,1,0
872,1,0,47.0,1,1,52.5542,3,0,1,0,1,None,0,17.518066666666666,0,1,0,48,3,4,2,0,1,0,0,1,0,0,0,1,0,0,0,0,0,1
873,1,1,33.0,0,0,5.0,1,1,0,0,1,None,0,5.0,0,1,0,24,2,0,0,0,1,0,1,0,0,1,0,0,0,0,0,0,0,0
874,3,1,47.0,0,0,9.0,1,1,0,0,0,None,0,9.0,0,1,0,27,3,1,2,0,1,0,1,0,0,0,0,0,0,0,0,0,1,0
875,2,0,28.0,1,0,24.0,2,0,1,0,0,P,1,12.0,0,1,0,37,2,3,2,0,0,0,0,1,0,0,0,0,0,0,0,0,1,1
876,3,0,15.0,0,0,7.225,1,1,0,0,0,None,0,7.225,1,0,0,32,1,0,0,0,0,1,0,0,0,0,0,0,0,0,0,0,1,1
877,3,1,20.0,0,0,9.8458,1,1,0,0,0,None,0,9.8458,0,1,0,29,2,1,2,0,1,0,1,0,0,0,0,0,0,0,0,0,1,0
878,3,1,19.0,0,0,7.8958,1,1,0,0,0,None,0,7.8958,0,1,0,20,2,1,1,0,1,0,1,0,0,0,0,0,0,0,0,0,1,0
879,3,1,25.0,0,0,7.8958,1,1,0,0,0,None,0,7.8958,0,1,0,18,2,1,1,0,1,0,1,0,0,0,0,0,0,0,0,0,1,0
880,1,0,56.0,0,1,83.1583,2,0,1,0,1,None,0,41.57915,0,1,0,45,3,4,3,0,0,0,0,1,0,0,1,0,0,0,0,0,0,1
881,2,0,25.0,0,1,26.0,2,0,1,0,0,None,0,13.0,0,1,0,44,2,3,2,0,1,0,0,1,0,0,0,0,0,0,0,0,1,1
882,3,1,33.0,0,0,7.8958,1,1,0,0,0,None,0,7.8958,0,1,0,18,2,1,1,0,1,0,1,0,0,0,0,0,0,0,0,0,1,0
883,3,0,22.0,0,0,10.5167,1,1,0,0,0,None,0,10.5167,0,1,0,28,2,2,2,0,1,1,0,0,0,0,0,0,0,0,0,0,1,0
884,2,1,28.0,0,0,10.5,1,1,0,0,0,C,1,10.5,0,1,0,29,2,1,2,0,1,0,1,0,0,0,0,0,0,0,0,0,1,0
885,3,1,25.0,0,0,7.05,1,1,0,0,0,SOTON,1,7.05,0,1,0,22,2,0,0,0,1,0,1,0,0,0,0,0,0,0,0,0,1,0
886,3,0,39.0,0,5,29.125,6,0,0,1,0,None,0,4.854166666666667,0,1,0,36,3,3,0,1,0,0,0,1,0,0,0,0,0,0,0,0,1,0
887,2,1,27.0,0,0,13.0,1,1,0,0,0,None,0,13.0,0,1,0,21,2,2,2,0,1,0,0,0,1,0,0,0,0,0,0,0,1,0
888,1,0,19.0,0,0,30.0,1,1,0,0,1,None,0,30.0,0,1,0,28,2,3,3,0,1,1,0,0,0,1,0,0,0,0,0,0,0,1
889,3,0,22.0,1,2,23.45,4,0,1,0,0,W,1,5.8625,0,1,0,40,2,3,0,0,1,1,0,0,0,0,0,0,0,0,0,0,1,0
890,1,1,26.0,0,0,30.0,1,1,0,0,1,None,0,30.0,0,1,0,21,2,3,3,0,0,0,1,0,0,0,1,0,0,0,0,0,0,1
891,3,1,32.0,0,0,7.75,1,1,0,0,0,None,0,7.75,0,1,0,19,2,0,1,1,0,0,1,0,0,0,0,0,0,0,0,0,1,0
